название,цена,фото
"Mercedes-Benz E-Класс W212/S212/C207/A207 [рестайлинг] Седан 4-дв. , 2015",19250$,https://i.cars.kg/preview/r/yy5KanTzPNDcutZVdc57DQ/1080x-/20211001/f31540f8c92aaa09f4984b6db025da78.jpg
"Mercedes-Benz S-Класс W221 Седан , 2005",10000$,https://i.cars.kg/preview/r/8AkqWDlVT8GolYlGxy0gag/1080x-/20211001/2d52c57de427394c5f171ac668501efd.jpg
"Mercedes-Benz , 1995",4500$,https://i.cars.kg/preview/r/Kh98lIwt7DYnfOtP-ov7iQ/1080x-/20211001/c839c818d8414c128d32937af405c60e.jpg
"Mercedes-Benz E-Класс W210/S210 Универсал , 1996",3700$,https://i.cars.kg/preview/r/kRrbEBvMiiEAowASMadrlg/1080x-/20210930/03cb8a11210de26c646c5788fc1519b8.jpg
"Mercedes-Benz E-Класс W210/S210 [рестайлинг] Седан , 2000",5500$,https://i.cars.kg/preview/r/sNpL-VtX9s-UQQjBT-r5zQ/1080x-/20210929/29e276131a7d6b901b866664f323c26a.jpeg
"Mercedes-Benz E-Класс W124 Седан 4-дв. , 1992",1800$,https://i.cars.kg/preview/r/wd_C8oJN7iMhdmZ_K5Y3VA/1080x-/20210930/74aaa0341b1404496b74feb86f6611e1.jpg
"Mercedes-Benz E-Класс W124 Седан 4-дв. , 1990",3800$,https://i.cars.kg/preview/r/s1aZ0kRK4RONZ_rSn9BxtA/1080x-/20210929/e9a8e23af6c3aa9a8ba2eb8d030435c9.jpg
"Mercedes-Benz , 2012",31000$,https://i.cars.kg/preview/r/JQNlcdrRFIZfIjth7NtqrQ/1080x-/20210929/7ce38e3102981f47eda264329618bc8f.jpg
"Mercedes-Benz S-Класс W140/C140 [рестайлинг] Седан , 1996",10777$,https://i.cars.kg/preview/r/NL8VpNHM-ntltLI5XC-0LQ/1080x-/20210929/4137685462508d3e52844bfb650c1677.jpeg
"Mercedes-Benz E-Класс W211/S211 Седан , 2003",16500$,https://i.cars.kg/preview/r/E1u6EM1r4kkqkpKamwMUiQ/1080x-/20210928/4e68563c37b0de8231f5fe11733e9688.jpg
"Mercedes-Benz GL-Класс X164 Внедорожник , 2007",13200$,https://i.cars.kg/preview/r/DUkJXqUgjtldNg31wvXzng/1080x-/20210928/63b94ec0f6cfbec4828490dcf56a9875.jpg
"Mercedes-Benz , 1996",5700$,https://i.cars.kg/preview/r/_ZfS4Dq4Lpd7abTCOrblIg/1080x-/20210928/0ea4ee91b3dff1698bb882a7980b1330.jpg
"Mercedes-Benz M-Класс W163 [рестайлинг] Кроссовер , 2004",8200$,https://i.cars.kg/preview/r/ctOy8e4kD5u6wjXr30z8WQ/1080x-/20210928/1037d116ac8be7ecbb153562af88fd31.jpg
"Mercedes-Benz E-Класс W212/S212/C207/A207 AMG седан 4-дв. , 2010",13300$,https://i.cars.kg/preview/r/GlA-hh228bBtF2JY6Sk4dQ/1080x-/20210927/4fcc3c821b985b2e3c76fe05638be3f0.jpg
"Mercedes-Benz G-Класс W463 AMG внедорожник 5-дв. , 2005",35500$,https://i.cars.kg/preview/r/FdOPpMIaZGKk7LnZhFyBFg/1080x-/20210927/e0d92f316440cead03b9efcf613d4898.jpg
"Mercedes-Benz C-Класс W201 [рестайлинг] Седан , 1990",1000$,https://i.cars.kg/preview/r/ThuOr-MPwM5Brirc16l--w/1080x-/20210927/24d687871032d86187ddc048da7c22f5.jpg
"Mercedes-Benz E-Класс W210/S210 Седан 4-дв. , 1995",2000$,https://i.cars.kg/preview/r/yNzo5f39-m9oR6JQ44wviQ/1080x-/20210926/a9589d0004e785cd3f18821a2d8826c0.jpg
"Mercedes-Benz A-Класс W168/V168 [рестайлинг] Хетчбэк 5-дв. , 2002",2300$,https://i.cars.kg/preview/r/um9YP_WTimki4UaodfwEUg/1080x-/20210926/5fb7f6509d8b0f5a529bd28fba62c7ef.jpg
"Mercedes-Benz E-Класс W211/S211 Седан , 2002",9000$,https://i.cars.kg/preview/r/j0dZRSU8kYGDD0xP3DtKgg/1080x-/20210926/126d55e2888df9183b6560850aa2d7f5.jpg
"Mercedes-Benz S-Класс W221 Седан , 2008",13500$,https://i.cars.kg/preview/r/k1BwSABaqfSfNNQUXl1Q4Q/1080x-/20210926/8e777918e27551a2c98c24ebc88aa449.jpg
"Mercedes-Benz E-Класс W211/S211 Седан , 2005",8900$,https://i.cars.kg/preview/r/bMNeMwNycDKT5nlhisoCtw/1080x-/20210926/cf8dd0819373bd26fc3fdc62f6b12e10.jpg
"Mercedes-Benz E-Класс W124 Седан 4-дв. , 1993",3300$,https://i.cars.kg/preview/r/Ce1b5VgHcgTp_ysLzfMplQ/1080x-/20210926/1538cee9c4b4643cb36bd81370ea75c6.jpg
"Mercedes-Benz S-Класс W222 / C217 Седан 4-дв. , 2014",34000$,https://i.cars.kg/preview/r/4soDslSmx4C2h_QxD7DRaA/1080x-/20210925/2459de27e83643eb3eb1607c82906fbd.jpeg
"Mercedes-Benz G-Класс W463 [2-й рестайлинг] AMG 6x6 пикап 4-дв. , 2013",75000$,https://i.cars.kg/preview/r/aFWkcs7leWQj5DDqxUOszQ/1080x-/20210924/8e749b42098c7fa02b73d62b5a5ab736.jpg
"Mercedes-Benz G-Класс W463 [2-й рестайлинг] Внедорожник 5-дв. , 2011",44100$,https://i.cars.kg/preview/r/M_ozjk21YugVOVXZir78DQ/1080x-/20210924/fa0a939552f9fc6f16b64ef121b803fd.jpg
"Mercedes-Benz , 2001",10500$,https://i.cars.kg/preview/r/Ehy5zP5bTvbeaIzd-QxkSQ/1080x-/20210924/5ef466675069bd82a4f5e360b4cc260d.jpg
"Mercedes-Benz , 2003",10500$,https://i.cars.kg/preview/r/fY94OZrmwOVDJLpoTYkq6w/1080x-/20210924/fc2afc336813fd00419585358edcb48d.jpg
"Mercedes-Benz S-Класс X110 Blit универсал , 2003",7200$,https://i.cars.kg/preview/r/RA7fKNlP9fj0gn3fRpYtqA/1080x-/20210924/90dc64a2172c91dfdacaed749e55b2da.jpg
"Mercedes-Benz S-Класс W220 [рестайлинг] , 2003",9300$,https://i.cars.kg/preview/r/kzuDQT4xJvzvZqe1C8hfTA/1080x-/20210924/c206c0b06b09ab450271b8f02d7b8021.jpg
"Mercedes-Benz E-Класс W211/S211 [рестайлинг] Седан 4-дв. , 2006",7300$,https://i.cars.kg/preview/r/am3-ZFmx-wAm8LRFvjzhXw/1080x-/20210923/45e448d11c626138d76be7bc512cd28a.jpeg
"Mercedes-Benz E-Класс W124 Седан 4-дв. , 1990",3500$,https://i.cars.kg/preview/r/OFa5qb_NswTsCbRFjfW9IA/1080x-/20210923/54d5df018a87c01c9eaf270efef78710.jpg
"Mercedes-Benz S-Класс W221 Седан , 2009",14800$,https://i.cars.kg/preview/r/eVfHxWTrkH65MJuxuydIbg/1080x-/20210923/075381dd315877e4fa5632b934525afc.jpg
"Mercedes-Benz S-Класс W222 / C217 AMG седан 4-дв. , 2019",110000$,https://i.cars.kg/preview/r/oImTtqDnRqKOeiewF6LJHg/1080x-/20210923/be4bf7d27d5a94836af5a940aa2aa8a5.jpg
"Mercedes-Benz E-Класс W212/S212/C207/A207 AMG седан 4-дв. , 2009",26100$,https://i.cars.kg/preview/r/O1U3R0xWx4ddbH5PAgV4lQ/1080x-/20210923/0c79b74f4597fe798851f4403f3362e6.jpg
"Mercedes-Benz , 2021",300$,https://i.cars.kg/preview/r/ALKI2OvUeLWWkW71AYFqHA/1080x-/20210922/7d88902670c18306526741553e39497a.jpg
"Mercedes-Benz S-Класс , 2007",9500$,https://i.cars.kg/preview/r/3pRmc4fiZwBzmhGMUaZSSQ/1080x-/20210922/0b2f6bf1b15b55ef5fb78e8a3549d32b.jpg
"Mercedes-Benz E-Класс W212/S212/C207/A207 Седан 4-дв. , 2010",15100$,https://i.cars.kg/preview/r/IDiRXDXZa2aT-a-U25KJsg/1080x-/20210922/c8de411f95901eac766b042133d6dcf3.jpg
"Mercedes-Benz GL-Класс X164 Внедорожник , 2007",12000$,https://i.cars.kg/preview/r/WBBXJVMhAOVtnDE1WvAVSg/1080x-/20210922/114a453ffaaf3bc90838bf987819d015.jpg
"Mercedes-Benz Viano W639 [рестайлинг] Микроавтобус 4-дв. , 2011",21900$,https://i.cars.kg/preview/r/KZHASfIp8iAO26HLkyB3OA/1080x-/20210922/40fbac28ba4b8b331ac11811eee9ae5a.jpg
"Mercedes-Benz E-Класс W210/S210 [рестайлинг] Седан , 2001",5000$,https://i.cars.kg/preview/r/5TnIWgpT7_3H6-VPOVXDrw/1080x-/20210922/87a88e075fdbc4c464544bbbce95ebaa.jpg
"Mercedes-Benz Sprinter W906 Фургон , 2002",7800$,https://i.cars.kg/preview/r/9oBaDwMoO8AGilh3erCX6w/1080x-/20210921/8388489beccda1532a85171abe6def31.jpg
"Mercedes-Benz S-Класс W221 [рестайлинг] AMG седан 4-дв. , 2011",18500$,https://i.cars.kg/preview/r/GuQR_BMWGLAymfyR0YRX5Q/1080x-/20210921/faf9fe3daf41e265ebeb3f16127afe2b.jpg
"Mercedes-Benz GL-Класс X166 Внедорожник 5-дв. , 2012",33250$,https://i.cars.kg/preview/r/juGAgZsUkJgFkefNXWbyGQ/1080x-/20210921/4e8e4347b6d54e187107b9683701bb53.jpg
"Mercedes-Benz E-Класс W124 [2-й рестайлинг] Седан , 1994",4000$,https://i.cars.kg/preview/r/lboojUZOgBC9ROlkWW_9Jg/1080x-/20210920/70f0f9ed15217de0d98e007f2f044fad.jpg
"Mercedes-Benz M-Класс W163 Кроссовер , 2000",7700$,https://i.cars.kg/preview/r/4MpEQ88zaIWn_uEB585-Uw/1080x-/20210920/2930379d5823142b1bf6d86a131d8a66.jpg
"Mercedes-Benz S-Класс W222 / C217 , 2014",41300$,https://i.cars.kg/preview/r/qNrzdhW1B_aOo9U0jrDlkQ/1080x-/20210920/07ba139c388a2c485a160d2cb0b30ca3.jpg
"Mercedes-Benz E-Класс W211/S211 Седан , 2004",8000$,https://stmartinblue.com/images/cars/default_car.jpg
"Mercedes-Benz E-Класс W211/S211 Седан , 2003",6500$,https://i.cars.kg/preview/r/8pJtLXJNBYaHQQkrDOn84w/1080x-/20210919/1936efe91aa74dfbab7ab29345e49b30.jpg
"Mercedes-Benz Sprinter , 1996",6485$,https://i.cars.kg/preview/r/se7PFeRY3ztxr68vC8vGHQ/1080x-/20210919/16cd016060ce46f8ec75eb8d5cb776d1.jpg
"Mercedes-Benz GLE-Класс , 2021",118500$,https://i.cars.kg/preview/r/SYMdnzjWCBWglsbE9yYGDg/1080x-/20210918/3ab39352109df38d3d42f965d8061bd8.jpg
"Mercedes-Benz C-Класс W203/S203/CL203 Универсал 5-дв. , 2002",5999$,https://i.cars.kg/preview/r/Ao_x5knIrvr_J2rD2SbGwA/1080x-/20210918/6f7b57c8b1f0da26ac6cd55fe0f9f2ee.jpg
"Mercedes-Benz E-Класс W210/S210 [рестайлинг] Седан , 2001",7200$,https://i.cars.kg/preview/r/0iZZ9yuoi3JYxtzuHO8fqQ/1080x-/20210917/8dd2be046d7f3ab7b0ae62bdbe79e9a5.jpg
"Mercedes-Benz E-Класс W124 Универсал , 1987",1886$,https://i.cars.kg/preview/r/3WnzhZTaWOyE3GA9iCy9RA/1080x-/20210917/67302f1f624b84f59617b8fe37d8ff19.jpg
"Mercedes-Benz S-Класс W220 Седан , 2000",5200$,https://i.cars.kg/preview/r/T0CMKP4P1NIVHYmsHxmwZg/1080x-/20210917/6462f900aed154a30b6dfb8230c9fa23.jpg
"Mercedes-Benz E-Класс W212/S212/C207/A207 [рестайлинг] Седан 4-дв. , 2014",24900$,https://i.cars.kg/preview/r/I9nGtWaMBuXXcBW60SQPEA/1080x-/20210917/1603a31a9ff6976fa5e8506e21a2aaf1.jpg
"Mercedes-Benz CLS-Класс C218/X218 [рестайлинг] Седан 4-дв. , 2017",56600$,https://i.cars.kg/preview/r/IqT_JkicKibeH1q2VxMYnQ/1080x-/20210917/64a8eecb4dd2a87d2d0d60ae325793a6.jpg
"Mercedes-Benz E-Класс W211/S211 Седан , 2013",18000$,https://i.cars.kg/preview/r/xto8xgChltmVAA8_j03YFA/1080x-/20210916/9259aace682e9b91283eaf5f348b2690.jpg
"Mercedes-Benz M-Класс W163 Кроссовер , 2001",4700$,https://i.cars.kg/preview/r/5UZi95iNaM7NQ0VV_LuXsg/1080x-/20210916/f77e61eb77e13e84548e08f91c26b842.jpg
"Mercedes-Benz GLA-Класс , 2017",35000$,https://i.cars.kg/preview/r/-FRdHcVaw0qPCIJcUCoW-g/1080x-/20210914/ba9b0e314f75946ea0191cffc81476e8.jpg
"Mercedes-Benz E-Класс W211/S211 Седан , 2003",7500$,https://i.cars.kg/preview/r/c4kT6MUsG6Cuwk7ceUftJA/1080x-/20210913/cacca515465f9912bdd4b54564f25fa3.jpg
"Mercedes-Benz E-Класс W211/S211 [рестайлинг] Седан 4-дв. , 2007",9000$,https://i.cars.kg/preview/r/dppTPOU1wQMWu0-MoDN-dQ/1080x-/20210913/4f51945fcf66fc6bf5824d7843007895.jpeg
"Mercedes-Benz E-Класс W210/S210 [рестайлинг] Седан , 2000",6400$,https://i.cars.kg/preview/r/stBvFcDFr2kRXqnDPfrbvw/1080x-/20210913/5445269a8f5b49f1785189be97c51682.jpeg
"Mercedes-Benz GLE-Класс , 2021",86500$,https://i.cars.kg/preview/r/3b08kXZ-mOriAxHElsPdPw/1080x-/20210913/7a98ee5f2f56676fdfd7bc1dbabc5e88.jpg
"Mercedes-Benz Sprinter , 2011",13000$,https://i.cars.kg/preview/r/j0gv3ZYsTJSfBVI9inB-Aw/1080x-/20210911/8f65b144df488a2f861004336a2b6492.jpg
"Mercedes-Benz S-Класс W221 Седан , 2006",10800$,https://i.cars.kg/preview/r/4W3ovBgaP9-7_P2lXsT09A/1080x-/20210911/7a6816708f1a00144a6fa5d6bd0e17d2.jpg
"Mercedes-Benz E-Класс W211/S211 Седан , 2003",7000$,https://i.cars.kg/preview/r/qqAysTHOptO0yhh4cTiiHA/1080x-/20210910/7d0b9229233587b415581d80a83e9d2b.jpg
"Mercedes-Benz S-Класс W222 / C217 AMG седан 4-дв. , 2016",80000$,https://i.cars.kg/preview/r/Gqs3NlOodlHBPek3uzTdpg/1080x-/20210910/13be789fb1cad8c7ff413ebe67c8d6f8.jpg
"Mercedes-Benz Sprinter W906 Борт 2-дв. , 2001",10850$,https://i.cars.kg/preview/r/aZ0U1gnvIZIxNXOaw101xA/1080x-/20210910/ae5946ab966c611f3fef970304e40a92.jpg
"Mercedes-Benz S-Класс W140/C140 [рестайлинг] Седан , 1995",4000$,https://i.cars.kg/preview/r/C9w1vkKY61F1JNG_8xdrhg/1080x-/20210910/e067ae465d16640ad94ee7aff538fdd3.jpg
"Mercedes-Benz C-Класс W202/S202 Седан , 1995",3000$,https://i.cars.kg/preview/r/USFGqetFm_NnnKrECZQoqg/1080x-/20210909/e791de36f8797d9648e5f2c05548e8de.jpg
"Mercedes-Benz s450, 2018",79900$,https://i.cars.kg/preview/r/8UpUI7oVWuEiiLm_KqssGQ/1080x-/20210909/baf1d4a7b11a18f002d6bfbbe1359f57.jpg
"Mercedes-Benz G-Класс W463 [рестайлинг] Внедорожник 5-дв. , 2005",28500$,https://i.cars.kg/preview/r/UCcr4Cqb7zM7i7BKffjPJA/1080x-/20210908/b417990363f424bceac024ce9e0b448d.jpg
"Mercedes-Benz Sprinter , 2006",11500$,https://i.cars.kg/preview/r/XILi132FvIpUnioI1QzWpw/1080x-/20210908/00f40cc0d2755bc7d9fcf1913dafec3b.jpg
"Mercedes-Benz C-Класс W202/S202 Седан , 1995",4000$,https://i.cars.kg/preview/r/c926w6WSVcx8y8VgjMIcyA/1080x-/20210908/104ff21c70c15200b676b93788fd79f2.jpg
"Mercedes-Benz S-Класс A217 , 2017",98000$,https://i.cars.kg/preview/r/oSyEXmKEVCldVZo7SHafPg/1080x-/20210907/f8f858b91b606df64de465773b247a66.jpg
"Mercedes-Benz , 1994",3400$,https://i.cars.kg/preview/r/ky_XyMeJsl-GYiz38by6Dw/1080x-/20210907/8737ed0c158e6703fb2e01a848524c73.jpg
"Mercedes-Benz е300, 2018",40000$,https://i.cars.kg/preview/r/sq1esc70Uay2KibF8EtY9Q/1080x-/20210906/9bfe2be3f093f34b0c81a2df3463eddd.jpg
"Mercedes-Benz G-Класс W463 [2-й рестайлинг] Внедорожник 5-дв. , 2013",54800$,https://i.cars.kg/preview/r/ldGnENjGrgSt11Y_icUGSg/1080x-/20210906/7bef6596de65fc0976db2fe7fcfd1ce3.jpg
"Mercedes-Benz E-Класс W211/S211 Седан , 2003",6000$,https://i.cars.kg/preview/r/VX5HRjZoJp_79iyU4KJvDQ/1080x-/20210903/4d57bdb6caf040c1a3d2dd998cbe529d.jpg
"Mercedes-Benz E-Класс W210/S210 [рестайлинг] Седан , 2000",9500$,https://i.cars.kg/preview/r/N1Gmzvw5q1ZUrcV6mKFtVQ/1080x-/20210902/e85d9b793abc431b386b198747a95119.jpg
"Mercedes-Benz Sprinter W906 Фургон , 2009",8500$,https://i.cars.kg/preview/r/aO4wkBSynrO19CwBC0vFoQ/1080x-/20210901/faed2c74cdf67114512ebcd11f7c0229.jpeg
"Mercedes-Benz S-Класс W220 , 2002",4500$,https://i.cars.kg/preview/r/unqn_K3J-5HWtYq64lN71Q/1080x-/20210831/1819537b7d2f7a7337cbb7091ce644c1.jpg
"Mercedes-Benz S-Класс W221 Седан , 2008",13990$,https://i.cars.kg/preview/r/8JlEa_WKBCA1noHccy4v2w/1080x-/20210831/846b23913807c1a24cb221fce1f11714.jpg
"Mercedes-Benz E-Класс W124 [рестайлинг] Универсал , 1993",2500$,https://i.cars.kg/preview/r/bbGfz-e6yKH53u_0kuakew/1080x-/20210830/62578561d6606c06090279b044d30010.jpg
"Mercedes-Benz S-Класс W221 [рестайлинг] Седан 4-дв. , 2012",18500$,https://stmartinblue.com/images/cars/default_car.jpg
"Mercedes-Benz S-Класс W221 Седан , 2006",10500$,https://stmartinblue.com/images/cars/default_car.jpg
"Mercedes-Benz S-Класс W221 Седан , 2006",10000$,https://stmartinblue.com/images/cars/default_car.jpg
"Mercedes-Benz E-Класс , 2003",5500$,https://i.cars.kg/preview/r/bLy9EW_cCrheVHz1_lO1Uw/1080x-/20210827/99f4ee463e419ae46efb5aec92820fc2.jpg
"Mercedes-Benz S-Класс , 2001",8900$,https://i.cars.kg/preview/r/k7cXhBq6NxWx_W1Tckk44Q/1080x-/20210826/f7bdf5ae107036a73ccf3f5934e24e7d.jpg
"Mercedes-Benz S-Класс W140 [2-й рестайлинг] Седан , 1998",5700$,https://i.cars.kg/preview/r/YCE-2FNX9UnmeHPyBR_pDA/1080x-/20210825/c468b166cc398300f3620fae2b0fa416.jpg
"Mercedes-Benz A-Класс W168 Хетчбэк , 1999",2700$,https://i.cars.kg/preview/r/CyYqSMVk6rSEGAPV9dsYOA/1080x-/20210821/bef870e89f1a5da422c7c961172dead7.jpg
"Mercedes-Benz 124, 1995",6500$,https://i.cars.kg/preview/r/19qJ60mn6FbcHKNCpjjC_Q/1080x-/20210820/dc07975685c967586298f47dc9d4dfb1.jpg
"Mercedes-Benz G-Класс W463 [3-й рестайлинг] Внедорожник , 2021",260000$,https://i.cars.kg/preview/r/oAM6I5KWDXKNKJVs6QrsVg/1080x-/20210820/a713b7f26550acf3225a67ddf2a9c045.jpg
"Mercedes-Benz E-Класс W124 [рестайлинг] Универсал , 1993",4500$,https://i.cars.kg/preview/r/S57VibN4m7bsa1P5BEHUxw/1080x-/20210819/97046fa45c6fb3280b960a6c55818490.jpg
"Mercedes-Benz W124, 1990",230000$,https://i.cars.kg/preview/r/efV2f2oJkYz6MVoP_Pm_QQ/1080x-/20210819/9881bc68f6109f2e7562fde88fb2bf6f.jpg
"Mercedes-Benz GL-Класс C216 , 2009",15000$,https://i.cars.kg/preview/r/xzDTDI9E086s18wdWH1-vA/1080x-/20210817/72f6ff488eca658df6fd1f4706ed7c67.jpg
"Mercedes-Benz M-Класс W164 [рестайлинг] Кроссовер , 2011",13500$,https://i.cars.kg/preview/r/17s-p_9oxWPhgwgx0gQXew/1080x-/20210816/f5d624d33aa917e28e9824baeef5e607.jpg
"Mercedes-Benz S-Класс W221 [рестайлинг] Седан 4-дв. , 2012",17500$,https://i.cars.kg/preview/r/4HwphBelmEMuzhfT4FQV5A/1080x-/20210815/104b2a73bb7d2ee84c6d282fd61363f7.jpg
"Mercedes-Benz E-Класс W213 AMG седан 4-дв. , 2016",30000$,https://i.cars.kg/preview/r/R_IvHCgbuz_MlSx174h9RQ/1080x-/20210815/d3a35424cd3d80e9797d5a08b9a38fe5.jpg
"Mercedes-Benz S-Класс W220 [рестайлинг] Седан , 2003",5100$,https://i.cars.kg/preview/r/cugWGOeMgjmOJ0-blNLmGg/1080x-/20210813/e71b793f2e8a54bf9683635d0870a6ad.jpg
"Mercedes-Benz S-Класс W222 / C217 Седан 4-дв. , 2019",83900$,https://i.cars.kg/preview/r/aw3kqyis_f5P4Mu4_Jn7mA/1080x-/20210812/5f95b49c15e4e5cf29dcd716f02c0b03.jpg
"Mercedes-Benz Sprinter , 2004",8500$,https://i.cars.kg/preview/r/VpRrjnpFEjaqMhHj5blb1A/1080x-/20210812/59a70c9d856195eb38f636a2848b901d.jpg
"Mercedes-Benz S-Класс W221 AMG седан 4-дв. , 2006",10999$,https://i.cars.kg/preview/r/GBx2OXxU-rxlnmAH4f8ZCg/1080x-/20210812/27b4b54afbdc02738e0f956554ea7d68.png
"Mercedes-Benz S-Класс W221 Седан , 2007",11000$,https://i.cars.kg/preview/r/D7tLwHGlewef2IivDhoETg/1080x-/20210811/f7af6dd4597e5dc4f4a6c1e414723841.jpg
"Mercedes-Benz CL-Класс C216 , 2007",14000$,https://i.cars.kg/preview/r/0AIiiUrcxijfrCpkm8Y6Uw/1080x-/20210811/ef111defc734bdcbbc3a7c5b172631e5.jpg
"Mercedes-Benz Sprinter , 1999",11000$,https://i.cars.kg/preview/r/f75TbmFLyYI0Cszfz9_LdQ/1080x-/20210810/5ae15e006d931614d21435744fcbc8a9.jpg
"Mercedes-Benz C-Класс W203/S203/CL203 Седан 4-дв. , 2004",6000$,https://i.cars.kg/preview/r/KIpYre4N04_ll0uiaMFQuQ/1080x-/20210809/bfec5ea5b836c421c00b69dacf4316c7.jpg
"Mercedes-Benz , 2001",4700$,https://stmartinblue.com/images/cars/default_car.jpg
"Mercedes-Benz G-Класс W463 [3-й рестайлинг] AMG внедорожник 5-дв. , 2019",210000$,https://i.cars.kg/preview/r/bwEn_jN25LcgzYTwuB4HOA/1080x-/20210805/b8d57800043567ae7fbca894a772b44b.jpg
"Mercedes-Benz M-Класс W164 Кроссовер , 2005",8600$,https://i.cars.kg/preview/r/_teC0FpPgJmreObBA8EeUw/1080x-/20210804/4584636e92f5daf1d984abb2ab1e43d2.jpg
"Mercedes-Benz M-Класс W163 [рестайлинг] , 2004",7500$,https://i.cars.kg/preview/r/I1z8GytUK204zE_KlSJXcQ/1080x-/20210803/a546f0e134f6a0cd47480b85187d41e6.jpg
"Mercedes-Benz S-Класс W140/C140 Седан , 1992",5500$,https://i.cars.kg/preview/r/x_pAdbIau7EnJ4ICSyou6g/1080x-/20210802/98d0be46347ecc1f83a9289af4a39c4d.jpg
"Mercedes-Benz C-Класс W202/S202 [рестайлинг] Седан , 2001",4500$,https://i.cars.kg/preview/r/ajnuHJeFlpEmobfho3o1cA/1080x-/20210802/15daaaa3e6b9672943993ef193571396.jpg
"Mercedes-Benz Vito W639 Mixto микроавтобус 4-дв. , 2002",5600$,https://i.cars.kg/preview/r/yLPJUSWaW0BtL6Q8eJ5-rQ/1080x-/20210731/882844e52a2534b788fe98624aec2441.jpeg
"Mercedes-Benz Sprinter , 1998",5000$,https://i.cars.kg/preview/r/B_gSeoifVIkcb4_zjEb3Zg/1080x-/20210731/f012b949b2e175a01ba35a87d38cd3b0.jpg
"Mercedes-Benz , 2000",7500$,https://i.cars.kg/preview/r/Cc5Yl04fdlCdPXATaYBTSA/1080x-/20210730/c806da4dfbda22c44ce59c8f6d162a6c.jpg
"Mercedes-Benz Sprinter W906 [рестайлинг] Борт 2-дв. , 2013",26000$,https://i.cars.kg/preview/r/pJ1bIundXX6zLkSC5qpWIw/1080x-/20210729/760efe1c73d295b19c0574de0d4ac035.jpeg
"Mercedes-Benz S-Класс W220 [рестайлинг] Седан , 2003",6900$,https://i.cars.kg/preview/r/0DM_oJkOgcT-X0EbgCNPJQ/1080x-/20210729/00b4254d1388abb93833b6d590d75578.jpg
"Mercedes-Benz GL-Класс X166 AMG внедорожник 5-дв. , 2014",35000$,https://i.cars.kg/preview/r/pJHDfesMPqPDnywL_wafVQ/1080x-/20210727/2f7a1e6b91b9f54037d8355e2dcf6cf2.jpg
"Mercedes-Benz S-Класс W220 , 2002",4500$,https://i.cars.kg/preview/r/JDSTSvgYAuwia-26S1XC5g/1080x-/20210726/89374d840e0c2cef8dfa382ed8670a17.jpg
"Mercedes-Benz E-Класс W211/S211 Седан , 2003",8200$,https://i.cars.kg/preview/r/eI3RGbTQsGtQ06Ts-_SjIg/1080x-/20210726/fac04e7893ea6adf86135319925749ca.jpg
"Mercedes-Benz S-Класс W222 / C217 AMG седан 4-дв. , 2014",60000$,https://i.cars.kg/preview/r/JRdjffaezmEuvcGA87mqww/1080x-/20210724/4c131e35f92ea5c768dd570c007e26d7.png
"Mercedes-Benz  124 кузов , 1990",1827$,https://i.cars.kg/preview/r/gHbBopbfRQJVRmjjVnrYzg/1080x-/20210724/d7659d967d1f5d9f942d6fc6f95f821f.jpg
"Mercedes-Benz Sprinter , 2000",13500$,https://i.cars.kg/preview/r/JPl-JZftqSA1kvBWm5a0-w/1080x-/20210723/2fc2ae760ceda8bb8c4215f07c7281ae.jpg
"Mercedes-Benz Sprinter W906 Фургон , 2007",15500$,https://i.cars.kg/preview/r/eCYlaS_BSXdkvu4zkDx3OQ/1080x-/20210723/c578e7526e5b5a804bef6b190527beea.jpg
"Mercedes-Benz Sprinter , 2004",9400$,https://i.cars.kg/preview/r/Y2usUtWIj9hOozM5dHyxIQ/1080x-/20210723/0889b949ee9541ea82e105bcf3ed5019.jpg
"Mercedes-Benz S-Класс W140 [2-й рестайлинг] Седан , 1996",6900$,https://i.cars.kg/preview/r/xNIOr4150oocJ8PWtp3_Xw/1080x-/20210722/21ba02740080d9bfe8aa76ff22b37ae1.jpeg
"Mercedes-Benz S-Класс W220 Седан , 2000",4300$,https://i.cars.kg/preview/r/M3ManqcZZ08xZNmQGifF6A/1080x-/20210722/c330ab1cf51415fd014b02ba5b1ff6c7.jpeg
"Mercedes-Benz Sprinter , 2001",11500$,https://i.cars.kg/preview/r/LIsZQxOI7qAx_OSgY-PPnQ/1080x-/20210720/473933c8168bb2ab452d3cc47059e759.jpeg
"Mercedes-Benz E-Класс W211/S211 Седан , 2002",7900$,https://i.cars.kg/preview/r/F8QCarM_gBQ1qLR9WlGO5A/1080x-/20210717/e1c3ab3c830fafa4f5a4883476147961.jpg
"Mercedes-Benz S-Класс W140 [2-й рестайлинг] , 1996",6500$,https://i.cars.kg/preview/r/s7Y1YozB69sESB-EDddvVQ/1080x-/20210716/5779f6b939a3d9e7c4ba73442cd6ecae.jpg
"Mercedes-Benz E-Класс W210/S210 [рестайлинг] Седан , 2000",7200$,https://i.cars.kg/preview/r/2Aova88QARmPFnWTbGJz1A/1080x-/20210716/d2bfd3bfd4799b1d326bcfaf38c70df0.jpg
"Mercedes-Benz E-Класс W210/S210 [рестайлинг] Седан , 2000",7200$,https://i.cars.kg/preview/r/2Aova88QARmPFnWTbGJz1A/1080x-/20210716/d2bfd3bfd4799b1d326bcfaf38c70df0.jpg
"Mercedes-Benz CLA-Класс C117 AMG Shooting Brake универсал 5-дв. , 2018",1234$,https://i.cars.kg/preview/r/ay0RoYSyTAP0-yx-ki4Zzw/1080x-/20210714/ecdf41071eb3b19e53da61f2e6dade80.png
"Mercedes-Benz E-Класс W124 Седан 4-дв. , 1989",1900$,https://i.cars.kg/preview/r/ymPI_TrvmU74kt7G6E6GJA/1080x-/20210713/865f371ec866d745bfa2e985da81fe52.jpg
"Mercedes-Benz E-Класс W124 Седан 4-дв. , 1988",5800$,https://i.cars.kg/preview/r/vH8-Oi-SREKqUC0QoZjF3g/1080x-/20210713/298d171314b7ebad0f25e8c1aac86abc.jpg
"Mercedes-Benz S-Класс W220 [рестайлинг] Седан , 2003",5499$,https://i.cars.kg/preview/r/ivBIdc3ZK5puR_NiXfbszA/1080x-/20210713/8f082f44e22c1344af853fd8457adf48.jpg
"Mercedes-Benz E-Класс W210/S210 [рестайлинг] Седан , 2003",6999$,https://i.cars.kg/preview/r/DhjeoQvYA0iQGIocla7HUg/1080x-/20210712/28e87e096b97f57abdea3e474fa5d91c.jpg
"Mercedes-Benz E-Класс W210/S210 Седан 4-дв. , 1997",4100$,https://i.cars.kg/preview/r/9hLsaFHHKsRUbM5RnQfr9A/1080x-/20210711/a68f1f5f189a0a12e0b123ed8b734353.png
"Mercedes-Benz S-Класс W220 Седан , 1998",5500$,https://i.cars.kg/preview/r/r7fJkWEo1k2OrzBFUYdFTg/1080x-/20210711/024763bc0735f0841885dc9bacf05bc2.jpg
"Mercedes-Benz E-Класс W124 Универсал , 1993",3010$,https://i.cars.kg/preview/r/YqOoGL0beg3AUzAyr0uW0A/1080x-/20210710/3afb4c8ac51b4785c6e7e2350d4d37f9.jpg
"Mercedes-Benz E-Класс W210/S210 [рестайлинг] Седан , 2002",5600$,https://i.cars.kg/preview/r/V9vzspU7sAM-_ceEK9b4nA/1080x-/20210710/c134f5537da8dcd81117ee848379f42a.jpg
"Mercedes-Benz E-Класс W210/S210 [рестайлинг] Седан , 2001",5500$,https://i.cars.kg/preview/r/FKRq8sir6GoEboxSntZr1g/1080x-/20210708/e2b71e69a6c4c9958738ef3cfc7011c6.jpeg
"Mercedes-Benz C-Класс W202/S202 Седан , 1995",2940$,https://i.cars.kg/preview/r/FlY7i-DAJEB3P544ThXlrA/1080x-/20210706/c2d011fb63a0251587bfdf4c804bbb6a.jpg
"Mercedes-Benz S-Класс W221 Седан , 2006",12900$,https://i.cars.kg/preview/r/5ml_hbBZrouOPLyMiwqjfg/1080x-/20210703/320b338ebc0633f098d6a3cc73737fe6.jpg
"Mercedes-Benz E-Класс W210/S210 Седан 4-дв. , 1999",3500$,https://i.cars.kg/preview/r/IuoE9yGN4h5hFGd_vl322Q/1080x-/20210702/05e265846fdd4b52de917d40b75f4aea.jpg
"Mercedes-Benz V-Класс W906 Фургон Vario, 1997",12800$,https://i.cars.kg/preview/r/nzqJNlO-tJRdYAzfRAKCzA/1080x-/20210702/d95c9ca5a60d492ca4e90817c6b78868.jpg
"Mercedes-Benz E-Класс W210/S210 [рестайлинг] Седан , 2000",5000$,https://i.cars.kg/preview/r/VNeI9xGIe78-jNLmxz7xUA/1080x-/20210701/b9ffbd67bc6acc1f5f7057d480aa68a6.jpg
"Mercedes-Benz M-Класс W164 Кроссовер , 2006",7500$,https://i.cars.kg/preview/r/H-XlGOYp3lBfqJOXG9MZCw/1080x-/20210628/6e7e84ebe5dd851b5eb23035e17f9560.jpg
"Mercedes-Benz S-Класс W220 Седан , 2002",9500$,https://i.cars.kg/preview/r/7Fy53Vmz3XBQGrf_Idj6Uw/1080x-/20210626/3c6b2332b549068a21e7b535d9299776.jpeg
"Mercedes-Benz E-Класс W210/S210 [рестайлинг] Седан , 2000",6700$,https://i.cars.kg/preview/r/Ihy9Ztlr5g_ORi8Ta9Wjrg/1080x-/20210625/4da1d05e1660b30b3c59c4d90b566247.jpg
"Mercedes-Benz E-Класс W211/S211 AMG седан 4-дв. , 2003",6500$,https://i.cars.kg/preview/r/7fW0JJHmc07b8wEtvdrN9Q/1080x-/20210624/84f6f777de2448db2245745bcaae27ba.jpg
"Mercedes-Benz S-Класс W220 [рестайлинг] AMG седан 4-дв. , 2003",13500$,https://i.cars.kg/preview/r/o5Q8z4wwxVtqEOD2ybPkOA/1080x-/20210624/ff6f4ba2c2f381949d561496e8edab1c.jpg
"Mercedes-Benz S-Класс W222 / C217 Maybach седан 4-дв. , 2018",150000$,https://i.cars.kg/preview/r/H3_zfd7mV_G3ckpmnYrsaQ/1080x-/20210623/0c86ecc54c4b100fabb1926e8934ace0.jpg
"Mercedes-Benz E-Класс W210/S210 [рестайлинг] , 2002",5800$,https://i.cars.kg/preview/r/hr0khW3lh3UcMjkwmjCPUg/1080x-/20210622/d7a37ceadc8baf3e55209b5781a592b3.jpg
"Mercedes-Benz S-Класс W221 , 2007",12500$,https://i.cars.kg/preview/r/PBkcMHO--aRQXRboo-ripA/1080x-/20210621/eedb2bfb63ad4b7a260f5f64924974e7.jpg
"Mercedes-Benz S-Класс W220 [рестайлинг] Седан , 2003",7900$,https://i.cars.kg/preview/r/Ax-8SyKg2TbGEL71slMyQw/1080x-/20210618/2b6530c2d1220be63820f797501c7c7c.jpg
"Mercedes-Benz E-Класс W211/S211 , 2002",9000$,https://i.cars.kg/preview/r/DsoiBUDEXecpEz3AjpcYbQ/1080x-/20210616/f79c59050affe47d883a68622db37dd7.jpg
"Mercedes-Benz Sprinter , 1995",4127$,https://i.cars.kg/preview/r/IdEiBVvvimDzsullDDeQ1g/1080x-/20210616/9ca0cc5fca1719ff696d8705a6751fc6.jpg
"Mercedes-Benz C-Класс W203/S203/CL203 Универсал 5-дв. , 2004",7200$,https://i.cars.kg/preview/r/XEdONetcRJ8r-uwz9gTYdQ/1080x-/20210616/1c8523e556df8df0754704f14c59945a.jpg
"Mercedes-Benz S-Класс W220 Седан , 1999",4550$,https://i.cars.kg/preview/r/fnttLqSt1_dbVrAmQRK5jw/1080x-/20210614/43d9ff2c00a8a346438462c3a49c996f.jpg
"Mercedes-Benz E-Класс W210/S210 [рестайлинг] Седан , 2001",5000$,https://stmartinblue.com/images/cars/default_car.jpg
"Mercedes-Benz S-Класс W220 Седан , 2001",4500$,https://i.cars.kg/preview/r/oNCwV-oXZzhr4zM1iCVMxQ/1080x-/20210611/886e031915b5588208120142e9f0bbdb.jpg
"Mercedes-Benz E-Класс W211/S211 Седан , 2004",7000$,https://i.cars.kg/preview/r/lErz3FADSXDr72348IQp8Q/1080x-/20210611/761d2c7c9a7dda035318fdbed6a31d5d.jpg
"Mercedes-Benz E-Класс W212/S212/C207/A207 [рестайлинг] Седан 4-дв. , 2014",15400$,https://i.cars.kg/preview/r/f-OHg01ffveLYaDTUu9Cpg/1080x-/20210609/fa5cf97f3bec6c8bdba3c13c8212e0e3.jpg
"Mercedes-Benz Sprinter , 2000",12000$,https://i.cars.kg/preview/r/hcNmhTcZLe7o2i2_Od4lgw/1080x-/20210608/7e9a30eeb1d2209f8e699d6fd6e58341.jpeg
"Mercedes-Benz E-Класс W210/S210 Седан 4-дв. , 1999",6000$,https://i.cars.kg/preview/r/QbUY6euQpVm2PWpOOdCTAg/1080x-/20210608/147cee5a86c1e5f2f8c65823a04f461b.jpg
"Mercedes-Benz E-Класс W210/S210 [рестайлинг] , 2000",7200$,https://i.cars.kg/preview/r/2Mc_-A7gOwV16Tbdh_b20A/1080x-/20210607/392e27db77f0aa328edc98ce8f845337.jpg
"Mercedes-Benz G-Класс W463 Внедорожник 5-дв. , 2006",39999$,https://i.cars.kg/preview/r/9yXHIgI3CpM6Vvp6lyBi0w/1080x-/20210606/40dbaaa984c0f27b8ee8367c085dc6e7.jpg
"Mercedes-Benz A-Класс W169 [рестайлинг] Хетчбэк 5-дв. , 2012",8000$,https://i.cars.kg/preview/r/TpyVIjwDsQcON3DL6xuc0Q/1080x-/20210606/bc4b7ac744e23e761a5067eec4d36785.jpg
"Mercedes-Benz E-Класс W211/S211 Седан , 2002",5300$,https://i.cars.kg/preview/r/r4PuVrV8fsXtbNjcQTUnbw/1080x-/20210606/f8712e02c67d21a64a73a073475f85cd.jpg
"Mercedes-Benz E-Класс W211/S211 [рестайлинг] Седан 4-дв. , 2003",5800$,https://i.cars.kg/preview/r/g9mW-QesEButoxWbfZ0GpA/1080x-/20210606/ef8df05b32d4b68517660bc5d96bdac7.jpg
"Mercedes-Benz M-Класс , 2004",7500$,https://i.cars.kg/preview/r/kntk2HER0DoEMst5gvUtIA/1080x-/20210628/97cfeca12109f0eef1c737316bf0ddf3.jpg
"Mercedes-Benz S-Класс W220 Седан , 2001",5500$,https://i.cars.kg/preview/r/oDfl7ZmJFyr4nOXliMdvpA/1080x-/20210601/9f5006b684dd1a7758278b1c3a1d9ff3.jpg
"Mercedes-Benz S-Класс W222 / C217 AMG седан 4-дв. , 2013",38500$,https://i.cars.kg/preview/r/OLblw_COVDIkMJyb2iyccA/1080x-/20210601/2262a9e107d0db729fa12e622d881bea.jpg
"Mercedes-Benz E-Класс W210/S210 Седан 4-дв. , 1996",3100$,https://i.cars.kg/preview/r/9wrUT1YWHFUiU_NMIBhEjg/1080x-/20210531/b0001069ef5fd3a62f58e9d8f393d5cf.jpg
"Mercedes-Benz S-Класс W221 Седан , 2005",11800$,https://i.cars.kg/preview/r/36Z9KES9KT6nf6G0AULPvg/1080x-/20210531/7ed310b74de54bb690e7138a2811d6da.jpg
"Mercedes-Benz S-Класс W220 Седан , 2001",7000$,https://i.cars.kg/preview/r/QDdXGw_IOD95GUoNGUIOcA/1080x-/20210531/59fd76803ed1f0d09258b98035c1cc15.jpg
"Mercedes-Benz S-Класс W220 [рестайлинг] , 2003",7700$,https://i.cars.kg/preview/r/FN9Rwl9Lb0F2WFDq4_H-eQ/1080x-/20210530/26a04965efcc5736c7ee239c482e6a54.jpg
"Mercedes-Benz E-Класс W124 [2-й рестайлинг] Седан , 1995",4800$,https://i.cars.kg/preview/r/RuetKNWtOYalSMlAsDIbIA/1080x-/20210530/cf07995f4c54a0d35bb196eaeacd259c.jpg
"Mercedes-Benz Sprinter , 2002",6800$,https://i.cars.kg/preview/r/zp9IsX-cePLpZhr3wgLcXg/1080x-/20210530/3c1363b1ca56f7ce1d0e0030ccf05c08.jpg
"Mercedes-Benz Sprinter , 1996",8300$,https://i.cars.kg/preview/r/T62935PyTN_mM6VMRcTFHg/1080x-/20210528/db3c366cd97b75b8527230852bdc75e4.jpg
"Mercedes-Benz S-Класс W221 Седан , 2007",12800$,https://i.cars.kg/preview/r/AOCMay1-nJtRCSBVZ44sZA/1080x-/20210527/68d4c4493388555eb5a88185faadf36c.jpg
"Mercedes-Benz Vito W639 Фургон , 2004",6300$,https://i.cars.kg/preview/r/frOpla1JdGTp0x6njbnmsA/1080x-/20210527/2f264361bbf4c5ea2312f45f3f7f91c0.jpg
"Mercedes-Benz S-Класс W220 [рестайлинг] Седан , 2002",7000$,https://i.cars.kg/preview/r/OKnIxuomQyd4Z5SdFmPxMw/1080x-/20210526/cbaa2bc0a85fbab3fe2c6f39de3ecea4.jpg
"Mercedes-Benz , 1993",3200$,https://i.cars.kg/preview/r/pgrEE5yKNLU4QfmhHqXjvA/1080x-/20210523/d7b93e7a73ce78ce5426a207ae2ffb9f.jpg
"Mercedes-Benz C-Класс W203/S203/CL203 Седан 4-дв. , 2002",5300$,https://i.cars.kg/preview/r/Vk51_zBXLRMUAnRP2jhj3Q/1080x-/20210614/7d1c354ce13578d454dcfe23aba16c4c.jpg
"Mercedes-Benz E-Класс W211/S211 Седан , 2005",6000$,https://i.cars.kg/preview/r/KOoYil8tqfLIGgcBLLCQBw/1080x-/20210521/1ad7d1eaa9c73ebfdeccf04a6c255b4e.jpg
"Mercedes-Benz Sprinter W906 Фургон , 2004",6500$,https://i.cars.kg/preview/r/0oDWmTj5OZFa7510nEekEw/1080x-/20210519/83cde892a0f2262ee1dc7c132b7aed74.jpeg
"Mercedes-Benz E-Класс W212/S212/C207/A207 , 2010",14650$,https://i.cars.kg/preview/r/FHv-UoTDpZD4nQXAm3lWtw/1080x-/20210519/875a268bce77523528fed51b89a8d8d0.jpg
"Mercedes-Benz GL-Класс X166 Внедорожник 5-дв. , 2014",43500$,https://i.cars.kg/preview/r/w-_qW-InRk49UxxCQs0Y0A/1080x-/20210517/fa30092cd8c272a5f15dbed4e670d9c9.jpg
"Mercedes-Benz Sprinter W906 Микроавтобус 4-дв. , 2007",10500$,https://i.cars.kg/preview/r/DdSIkEeezbiSo1gib5vbxw/1080x-/20210517/86153e477c6299f0def55555f5cd1957.jpg
"Mercedes-Benz S-Класс W220 [рестайлинг] Седан , 2003",6700$,https://i.cars.kg/preview/r/d8ONGe9MXLRCtqZGHsw6xA/1080x-/20210517/376a9887c178341d8beee46de1a091b3.jpg
"Mercedes-Benz E-Класс W210/S210 Седан 4-дв. , 1996",3700$,https://i.cars.kg/preview/r/ihn_GFPwcrCpoignbz9-sg/1080x-/20210516/bea77f5af1dc33591fab18b974dab9a3.jpg
"Mercedes-Benz E-Класс W210/S210 Седан 4-дв. , 1998",4500$,https://i.cars.kg/preview/r/U65FMAj95AFZ71P7rb9QDw/1080x-/20210516/e930ee0ad454284ac13658ceee479c62.jpg
"Mercedes-Benz E-Класс W211/S211 [рестайлинг] Седан 4-дв. , 2007",11800$,https://i.cars.kg/preview/r/n1ke5Yr5l6RxFrVE6Rcl9w/1080x-/20210516/1649139fc5d2b20522903648e2eac61f.jpg
"Mercedes-Benz E-Класс W211/S211 Седан , 2002",8000$,https://i.cars.kg/preview/r/n-wLSNZ3NMOzzI2JtdVtxQ/1080x-/20210515/4ae8db093a5717dab8ac89bf4f79bb0d.jpg
"Mercedes-Benz Sprinter , 2004",6500$,https://i.cars.kg/preview/r/ByIK-LeHBK4bzb-sAnDMvA/1080x-/20210514/344217375e97bb555d31850f713f584d.jpeg
"Mercedes-Benz Sprinter , 2000",5700$,https://i.cars.kg/preview/r/ycBTHTA-_gNJPpLvUhDvug/1080x-/20210514/641c2259a8b0f46a8be5c5271aae7af7.jpg
"Mercedes-Benz S-Класс W140/C140 [рестайлинг] Седан , 1994",2400$,https://i.cars.kg/preview/r/cvRwpI8yWRBi6MaK8RigBA/1080x-/20210514/b9aa509ea49e452f0e546aacd9c2cb81.jpg
"Mercedes-Benz E-Класс W210/S210 Седан 4-дв. , 1996",3300$,https://stmartinblue.com/images/cars/default_car.jpg
"Mercedes-Benz C-Класс W205/S205/C205 AMG седан 4-дв. , 2017",30000$,https://i.cars.kg/preview/r/T0JbONrepJnJG89EthgR6w/1080x-/20210514/b0b0d225b3519dec4b9c339e278f170a.jpg
"Mercedes-Benz Sprinter , 2004",10000$,https://i.cars.kg/preview/r/Z0DEPgiHcQCjwMO6zThYKg/1080x-/20210513/14e9a0d08afdb4200b54eb678af076df.jpg
"Mercedes-Benz E-Класс W210/S210 [рестайлинг] Седан , 2001",12600$,https://i.cars.kg/preview/r/EIrA0VMipC_tbR7xTchORg/1080x-/20210513/dd3ffd19a6389fc17fcbccf80960b8d8.jpg
"Mercedes-Benz , 1987",1$,https://i.cars.kg/preview/r/3luMOdhczHjmOiEvkQ2uPg/1080x-/20210512/bf6a52adba7e4296ef1fd33e58e6bb2f.jpg
"Mercedes-Benz M-Класс W163 [рестайлинг] , 2004",5500$,https://i.cars.kg/preview/r/KrZJStLv8pgr5yqKL0UO-A/1080x-/20210512/f70d0e0e40138baac290e3386a56707f.jpg
"Mercedes-Benz E-Класс W211/S211 Седан , 2003",4700$,https://i.cars.kg/preview/r/fdoT8qbJKYr3aoSBhJwyDQ/1080x-/20210511/caf4bd97ceed0d54b0edaa02fbbf598f.jpg
"Mercedes-Benz GLK-Класс X204 Кроссовер , 2010",12000$,https://i.cars.kg/preview/r/Zvq8CW6V0clNZNahV3cagg/1080x-/20210511/9b89e29de091590964486504f40e46db.jpg
"Mercedes-Benz Sprinter , 1996",5990$,https://i.cars.kg/preview/r/omcoGZeZm2rwK7nhMkSGVA/1080x-/20210510/e508f2dc9d4f263b0e8a88b43c6d252c.jpg
"Mercedes-Benz E-Класс W124 [рестайлинг] , 1991",2700$,https://i.cars.kg/preview/r/Zd_hDPYqrTBIF0ZM1D_IuA/1080x-/20210509/1e9f5b60cdf6e10a9d99d38f11c3d70b.jpg
"Mercedes-Benz E-Класс W124 [2-й рестайлинг] Седан , 1994",3800$,https://i.cars.kg/preview/r/hMfuin5eiT0GU5ONRLxYxw/1080x-/20210509/450521b8443eed20cfb095633ded7035.jpg
"Mercedes-Benz E-Класс W124 [2-й рестайлинг] Седан , 1994",3900$,https://i.cars.kg/preview/r/dScfEbVEQruhsFknfzihEw/1080x-/20210509/7c1e9c09c627f66abfacf93b0f240757.jpg
"Mercedes-Benz 124 под.Ешка , 1992",3800$,https://i.cars.kg/preview/r/jkhOvLzszPe5Qk1NQU6-0Q/1080x-/20210508/f91b419084ea0bfb76cfe66c1faef7cd.jpg
"Mercedes-Benz C-Класс , 2000",5500$,https://i.cars.kg/preview/r/WAYpdykmVXm8TijydJ6AGw/1080x-/20210508/e9f6851aec85314b991d45373ad8b9e5.jpg
"Mercedes-Benz E-Класс W211/S211 AMG универсал 5-дв. , 2003",7000$,https://i.cars.kg/preview/r/pmyJgAT83c5s_RUjsBHypQ/1080x-/20210508/8a34d9af4744643f031d92a5f74a8fde.png
"Mercedes-Benz E-Класс W211/S211 AMG универсал 5-дв. , 2003",7000$,https://i.cars.kg/preview/r/pmyJgAT83c5s_RUjsBHypQ/1080x-/20210508/8a34d9af4744643f031d92a5f74a8fde.png
"Mercedes-Benz E-Класс W124 Седан 4-дв. , 1986",2004$,https://i.cars.kg/preview/r/xkCOe_0UJg8RQsjeI3KI0Q/1080x-/20210508/9e12c8f940a62ebee3f933b7de2a0bda.jpg
"Mercedes-Benz , 2003",7000$,https://i.cars.kg/preview/r/UgMtgQQw-9j2Ori7bMcsyw/1080x-/20210508/4071e89fa8339ee1b273db6240527cba.jpg
"Mercedes-Benz , 2003",7000$,https://i.cars.kg/preview/r/UgMtgQQw-9j2Ori7bMcsyw/1080x-/20210508/4071e89fa8339ee1b273db6240527cba.jpg
"Mercedes-Benz , 2003",7000$,https://i.cars.kg/preview/r/UgMtgQQw-9j2Ori7bMcsyw/1080x-/20210508/4071e89fa8339ee1b273db6240527cba.jpg
"Mercedes-Benz , 2003",7000$,https://i.cars.kg/preview/r/UgMtgQQw-9j2Ori7bMcsyw/1080x-/20210508/4071e89fa8339ee1b273db6240527cba.jpg
"Mercedes-Benz E-Класс W124 [2-й рестайлинг] Седан , 1994",3800$,https://i.cars.kg/preview/r/TxcDcWLlg_6fnPfPcj9pMw/1080x-/20210508/2b81848cc625401f12d7fbb16400abee.jpg
"Mercedes-Benz Sprinter W906 Фургон , 1996",1700$,https://i.cars.kg/preview/r/PVWfocIaeqzfOeF2cLqK8g/1080x-/20210507/6adc2ad4c4144899026b2a62cc7ca3b4.jpg
"Mercedes-Benz E-Класс W210/S210 Седан 4-дв. , 1999",5500$,https://i.cars.kg/preview/r/6_ue8Vf9UeJCpeZzH3kYuQ/1080x-/20210507/8ca5a7ac67ef6e413353c58a97aabc76.jpg
"Mercedes-Benz Vito W639 Микроавтобус 4-дв. , 2004",17000$,https://i.cars.kg/preview/r/rrndUa-G3Di0EdOeVJ2rPg/1080x-/20210507/720a4017614a0d9e70abb6f9ae2f3aac.jpg
"Mercedes-Benz S-Класс W220 Седан , 2002",7000$,https://i.cars.kg/preview/r/l2dadrTkF0Rszyr99HsSIQ/1080x-/20210507/ea504ac31d1990c49b7d51f2c041bfb8.jpg
"Mercedes-Benz Vito W639 Микроавтобус 4-дв. , 2001",3500$,https://i.cars.kg/preview/r/B25SUqBwWcsnmMU2yGATEQ/1080x-/20210505/2686ad3d4f9c0e43e663a8ae6d1586a8.jpeg
"Mercedes-Benz E-Класс W210/S210 , 1998",5199$,https://i.cars.kg/preview/r/zcShDzKiWHj_YAuY6wp-Mw/1080x-/20210505/0e548c48f0ce87c793df141fdc48bc7f.jpg
"Mercedes-Benz C-Класс W204/S204 Седан 4-дв. , 2011",8600$,https://i.cars.kg/preview/r/BzJSXpfgemWS3OiO-Ksa6g/1080x-/20210504/6fc2a713d0a313b0ac5fcdafe2fe9b9f.jpg
"Mercedes-Benz E-Класс W124 [2-й рестайлинг] Седан , 1994",3800$,https://i.cars.kg/preview/r/FICSrxsMlsCdx_aC5lj8LQ/1080x-/20210504/262afb27786420c9fa398792745a785d.jpg
"Mercedes-Benz E-Класс W210/S210 [рестайлинг] Универсал 5-дв. , 2001",5790$,https://i.cars.kg/preview/r/jjXdpQhYwUSLcaL7AZvWsA/1080x-/20210502/46bfbe8fc08b72d58221f28d6700f12d.jpg
"Mercedes-Benz E-Класс W124 [2-й рестайлинг] Седан , 1994",2500$,https://i.cars.kg/preview/r/l1I-Ax-LctYKaOVe1rsYPw/1080x-/20210502/22274a9a6229be0b66c55f2351a9c75f.jpg
"Mercedes-Benz G-Класс W463 Внедорожник 5-дв. , 2003",20000$,https://i.cars.kg/preview/r/4Op0DgGsqQl0Ht5BY7MyCw/1080x-/20210429/3f36a91533be530218b28fa83314acde.png
"Mercedes-Benz V-Класс W447 Микроавтобус , 2014",33000$,https://i.cars.kg/preview/r/Oa-xSbmciDautJ0BHDm9_Q/1080x-/20210429/04a9a80a69038134d513763368694a99.jpg
"Mercedes-Benz V-Класс W447 Микроавтобус , 2014",35000$,https://i.cars.kg/preview/r/Qe0XB8V0uoVtOMkjNqxwTQ/1080x-/20210429/e01241db2b54f2d608c9669e5bd45ca3.jpg
"Mercedes-Benz Viano W639 [рестайлинг] Микроавтобус 4-дв. , 2011",19500$,https://i.cars.kg/preview/r/6gY4dAnje3EhuyVvie7PMA/1080x-/20210429/a182363f7080458dc2d5115ca40dfee3.jpg
"Mercedes-Benz , 2000",3999$,https://stmartinblue.com/images/cars/default_car.jpg
"Mercedes-Benz S-Класс W221 , 2006",12500$,https://i.cars.kg/preview/r/rM8gTBaaAIOJZ2cJAV1ozA/1080x-/20210428/9b22cd8c2fa753746f1c3e613b90e1fd.jpg
"Mercedes-Benz E-Класс W210/S210 [рестайлинг] Седан , 2000",4000$,https://i.cars.kg/preview/r/jwx__RClc5d1ms9G_t8Rtg/1080x-/20210427/a0d5c5444fb35a1a92d16abe9d6e9160.jpeg
"Mercedes-Benz T1 , 1987",3537$,https://i.cars.kg/preview/r/7bA9L-gn6lLX_BgAKlvSnQ/1080x-/20210427/40c0cd7930d0e5019bca2bd032616ad2.jpg
"Mercedes-Benz E-Класс W211/S211 [рестайлинг] Седан 4-дв. , 2009",11000$,https://i.cars.kg/preview/r/jYdewnAIIyR_WZfpJ656wA/1080x-/20210425/411825d4b09d1517ea06497f46b7d75e.jpg
"Mercedes-Benz Sprinter , 2001",9$,https://i.cars.kg/preview/r/Ky3mWNjfDT-lbkFWwiZs4w/1080x-/20210425/2e6b84418c867f366272e4afd24fa11c.jpg
"Mercedes-Benz G-Класс W463 AMG внедорожник 5-дв. , 2004",28000$,https://i.cars.kg/preview/r/QpFfvRvJlAr1p-wc7mhNNA/1080x-/20210425/79d9e6ea9d832eff773770c8e10bebd4.jpg
"Mercedes-Benz S-Класс W220 Седан , 2002",5300$,https://i.cars.kg/preview/r/RRFxr_QzGQhhy_Ore3bDGA/1080x-/20210424/019dc170f915d306fddf476be3afe690.jpg
"Mercedes-Benz S-Класс W220 [рестайлинг] Седан , 2003",6800$,https://i.cars.kg/preview/r/_-GERD0Xhxq0TfkClG2MQA/1080x-/20210423/904be94a18bc6432382643f216104b01.jpg
"Mercedes-Benz E-Класс W124 [2-й рестайлинг] Седан , 1994",3500$,https://i.cars.kg/preview/r/27-p3LCz6j9WGKnYFymWDw/1080x-/20210422/8912cd060be01d595f19a36c868793b2.jpg
"Mercedes-Benz E-Класс W210/S210 [рестайлинг] Универсал 5-дв. , 2001",4700$,https://i.cars.kg/preview/r/EgXBEWfwZ_UAJ20IZsr7gQ/1080x-/20210422/662e39112dcd6d64b03328cba20a0a1e.jpg
"Mercedes-Benz Sprinter , 2000",10000$,https://i.cars.kg/preview/r/N1T81F9FDTOx5Td1ozTE2A/1080x-/20210422/f7f30c7d32fbe26f3d07f29a36a8dca1.jpg
"Mercedes-Benz E-Класс W124 Седан 4-дв. , 1990",90000$,https://i.cars.kg/preview/r/pfuHI9O8oc9HmgVlfaLhSA/1080x-/20210421/5445857358d73d03fc3303b636e9e622.jpg
"Mercedes-Benz Sprinter W906 Шасси 2-дв. , 2002",7500$,https://i.cars.kg/preview/r/t4Ih4yEVawGpj-zyj5WFYQ/1080x-/20210421/23c60e943d8b0a9a2e62fe592a0b27ec.jpg
"Mercedes-Benz E-Класс W210/S210 Седан 4-дв. , 1998",5000$,https://i.cars.kg/preview/r/oD1F5zUul2rWipUV5PdJSg/1080x-/20210420/dba6283fdb239a09df5d183c7409cf6e.jpg
"Mercedes-Benz E-Класс W124 [2-й рестайлинг] AMG седан 4-дв. , 1995",2705$,https://i.cars.kg/preview/r/pv-yY_gBuf0ekTfHH_SvJA/1080x-/20210420/4dc622dcd4a9aeeaa46c548bccb8b694.jpg
"Mercedes-Benz E-Класс W211/S211 Седан , 2002",9000$,https://i.cars.kg/preview/r/MWhSZ6gEOzv0tdiQuhMZSw/1080x-/20210420/43feae4ecce18eba84bcda6006a91757.jpg
"Mercedes-Benz , 2001",5500$,https://i.cars.kg/preview/r/V60R02TCJI4zWHKNxqvklg/1080x-/20210420/205931a40c0de8ce7ff20d0a709f3c8c.jpg
"Mercedes-Benz S-Класс W140/C140 Седан , 1993",2948$,https://i.cars.kg/preview/r/qhLC2ZlueZ2i6_gswgd8LA/1080x-/20210419/0e3fe57409632c3b3bd3565e5eb28b98.jpg
"Mercedes-Benz Sprinter W906 [рестайлинг] Микроавтобус , 2013",28000$,https://i.cars.kg/preview/r/21KYFZIAUOzPDC_mLPyUlw/1080x-/20210419/1cfa15ec0ddf83b3f90ea4f649e65bf2.jpg
"Mercedes-Benz , 1996",3700$,https://i.cars.kg/preview/r/pa-WZ8RTPbfexWA9xIMJ6w/1080x-/20210419/539e446dbbcd4f92d585477d5366688a.jpg
"Mercedes-Benz S-Класс W220 Седан , 2002",6000$,https://i.cars.kg/preview/r/iBMlUO620SsakvLx2Za6ig/1080x-/20210419/03626ff5b2442bc5d80556360937ea07.jpg
"Mercedes-Benz S-Класс , 2008",13800$,https://i.cars.kg/preview/r/hXtHYSxa-qLTBwO9abPGwA/1080x-/20210418/7bfe7310af529cd00cc093cd966c2572.jpg
"Mercedes-Benz , 1996",4400$,https://i.cars.kg/preview/r/z5Vd1X0_flXWqM2PueAAlA/1080x-/20210417/edcd3f0ed5fa76bf1bad7ee013aae8a1.jpg
"Mercedes-Benz , 2003",2800$,https://i.cars.kg/preview/r/2J6YNs5UVl1AkLQuq5jdJQ/1080x-/20210417/77fbe6684ba9154bdb78f476a1a066e5.jpg
"Mercedes-Benz E-Класс W210/S210 Седан 4-дв. , 1997",3300$,https://i.cars.kg/preview/r/UvWoM1nvOXzGAzYMpaiiBA/1080x-/20210417/4c8c6c9a799b4d0f914fb8351826f156.jpg
"Mercedes-Benz E-Класс W124 [2-й рестайлинг] Универсал , 1994",3700$,https://i.cars.kg/preview/r/Fdo6UPuJwjGJckV-MLNQVw/1080x-/20210416/f7442291cb3b046021489921d4416446.jpg
"Mercedes-Benz S-Класс W221 Седан , 2006",13000$,https://i.cars.kg/preview/r/MR9MjckGka8pnja8AvLxWw/1080x-/20210416/72d92b32b318e88980c8e6f16111b050.jpg
"Mercedes-Benz GLK-Класс X204 [рестайлинг] , 2012",18000$,https://i.cars.kg/preview/r/qYPTOhBhdSbX4gnpe9PPxg/1080x-/20210414/0f78e61dfaeb02a84afa8d63c3200698.jpg
"Mercedes-Benz S-Класс W140/C140 [рестайлинг] Седан , 1995",4200$,https://i.cars.kg/preview/r/VTZfiirp0cthcYALTIjneQ/1080x-/20210414/2b01071ce19ccc5de7a231086da21445.jpg
"Mercedes-Benz C-Класс W203/S203/CL203 , 2003",4900$,https://i.cars.kg/preview/r/4t1LYJuziPU7dNbX4W8ZCg/1080x-/20210414/02ce3db7df5968700c992ce00f51083d.jpg
"Mercedes-Benz A-Класс , 1999",2800$,https://i.cars.kg/preview/r/A7JuGx4emfT886VAVY-Nog/1080x-/20210413/fd63c877897075c8db88a12d5cf9ecee.jpg
"Mercedes-Benz S-Класс W220 [рестайлинг] Седан , 2003",1$,https://i.cars.kg/preview/r/sTr2KJXumzZOaGJ6Z9ihJQ/1080x-/20210413/98550e4c47ee53cb55d6bea3748a6d4a.jpg
"Mercedes-Benz E-Класс W210/S210 [рестайлинг] Седан , 1999",3300$,https://i.cars.kg/preview/r/xGb-JyDXIIwdy5_n6eja5A/1080x-/20210412/fbdcde68a7d95f71732cc22d67099648.jpg
"Mercedes-Benz S-Класс W221 Седан , 2006",17500$,https://i.cars.kg/preview/r/aTvR-9Fsj2UTXLed5doOrA/1080x-/20210411/5132ee654e499c8dff78de76f94e5a07.jpg
"Mercedes-Benz Vito , 1999",3500$,https://i.cars.kg/preview/r/oHXGKpH3ESeszoMh6B-TMA/1080x-/20210410/b9b55011f569ecc064178792dd4f39d0.jpg
"Mercedes-Benz E-Класс W210/S210 [рестайлинг] Седан , 1999",8500$,https://i.cars.kg/preview/r/Tj8L6zp6I8fbXhdtgEX6vA/1080x-/20210407/be1c554be111abb0e76fdd76a121c4d7.jpeg
"Mercedes-Benz S-Класс W221 AMG седан 4-дв. , 2006",12000$,https://i.cars.kg/preview/r/XjagLGqFlHk4XXltbb7k3g/1080x-/20210406/369b422f031a36ea44ed08d03794bc32.jpg
"Mercedes-Benz , 1993",3200$,https://i.cars.kg/preview/r/-B-vZZmHbes0-Yrh5cFPDQ/1080x-/20210406/23f37269869da1aba5ca5fca74bc016c.jpg
"Mercedes-Benz E-Класс W124 Седан 4-дв. , 1992",3$,https://i.cars.kg/preview/r/xetcFazssjhyReU5w1cuQw/1080x-/20210406/12a7aedc87a9e913839782c1ec0dac94.jpg
