название,фото,цена,краткая информация
ToyotaCamry,https://im.mashina.kg/tachka/images//6/4/0/64087f98351a3fd4a443f2acc6988731_240x180.jpg,"$8500

720800сом","2003 г., 2.4 л., автомат
седан, бензин
руль слева, 250 000 км
Кара-К"
ToyotaCamry,https://im.mashina.kg/tachka/images//5/c/5/5c5ab757e686bf73bf36d16cc82c00dd_240x180.jpg,"$9300

788640сом","2007 г., 2.4 л., автомат
седан, бензин
руль слева, 190 000 км
Ош
   "
ToyotaMatrix,https://im.mashina.kg/tachka/images//1/f/e/1fe757fed552b69372aa37fc397248ae_240x180.jpg,"$5000

424000сом","2002 г., 1.8 л., автомат
минивэн, бензин
руль слева, 240 358 км
Ош
   "
Toyota4Runner,https://im.mashina.kg/tachka/images//f/7/4/f74f88a22570f69c18bab7cc231b557d_240x180.jpg,"$13950

1182960сом","2003 г., 4 л., автомат
внедорожник 5 дв., бензин
руль слева, 197 000 км
Ош
   "
ToyotaCorolla,https://t1-client.toyota-europe.com/images/toyota-logo.jpg,"$400000

33920000сом","2004 г., 1.6 л., механика
седан, бензин
руль слева, 300 000 км
Ош
   "
ToyotaCorolla,https://t1-client.toyota-europe.com/images/toyota-logo.jpg,"$4127

350000сом","2001 г., 2.2 л., автомат
седан, дизель
руль справа, 430 000 км
Узген
"
ToyotaHighlander,https://im.mashina.kg/tachka/images//3/9/6/39674f9c6f48ff9e1e1894674a141dc7_240x180.jpg,"$23500

1992800сом","2011 г., 3.5 л., автомат
внедорожник 5 дв., бензин
руль слева, 193 000 км
Ош
   "
ToyotaWish,https://im.mashina.kg/tachka/images//c/7/f/c7f30ee024182c7d36b3191395035793_240x180.jpg,"$7075

600000сом","2003 г., 1.8 л., автомат
минивэн, бензин
руль справа
Ош
   "
ToyotaWindom,https://im.mashina.kg/tachka/images//a/1/f/a1f90131b2f82083543b1180422c0879_240x180.jpg,"$9800

831040сом","2005 г., 3 л., автомат
седан, бензин
руль справа, 120 000 км
Ош
   "
ToyotaCamry,https://im.mashina.kg/tachka/images//c/e/3/ce36a268cd38ad123314552b78141a07_240x180.jpg,"$16000

1356800сом","2015 г., 2.5 л., автомат
седан, бензин
руль слева, 66 000 км
Ош
   "
ToyotaCamry,https://im.mashina.kg/tachka/images//4/6/c/46c324cadfb4c6ab16b0136d801c7954_240x180.jpg,"$11500

975200сом","2010 г., 2.5 л., автомат
седан, бензин
руль слева, 155 502 км
Ош
   "
ToyotaAygo,https://im.mashina.kg/tachka/images//e/7/e/e7e26e52b0bee14451950a8d20401c9b_240x180.jpg,"$3538

300000сом","2006 г., 1 л., механика
хэтчбек 5 дв., бензин
руль слева, 270 000 км
Ош
   "
ToyotaAlphard,https://im.mashina.kg/tachka/images//1/4/1/141a1281900e0f7c5ba539a97e889c79_240x180.jpg,"$9500

805600сом","2006 г., 3 л., автомат
минивэн, бензин
руль справа, 150 000 км
Ош
   "
ToyotaEstima,https://im.mashina.kg/tachka/images//6/5/6/656ed4a6c4ece6768abf753800ab38d8_240x180.jpg,"$3302

280000сом","1998 г., 2.4 л., автомат
минивэн, бензин
руль справа, 520 890 км
Ош
   "
ToyotaHiluxSurf,https://im.mashina.kg/tachka/images//3/b/4/3b4a04f78048901ac6f61eac262faa94_240x180.jpg,"$7500

636000сом","1999 г., 2.7 л., автомат
внедорожник 5 дв., бензин
руль справа, 288 000 км
Ош
   "
ToyotaCamry,https://im.mashina.kg/tachka/images//5/3/e/53e31508f1dfc3316c3f0337331345ee_240x180.jpg,"$7600

644480сом","2001 г., 2.4 л., автомат
седан, бензин
руль слева, 290 555 км
Ош
   "
ToyotaCrown,https://im.mashina.kg/tachka/images//d/1/0/d107c718a3409b7dbe1c5187010414ca_240x180.jpg,"$5700

483360сом","2001 г., 2.5 л., автомат
седан, бензин
руль справа
Ош
   "
ToyotaYaris,https://im.mashina.kg/tachka/images//8/6/7/867d77ab125bbc4e9ab728e1d922ded8_240x180.jpg,"$4800

407040сом","2008 г., 1.3 л., механика
хэтчбек 5 дв., бензин
руль слева
Ош
   "
ToyotaAvalon,https://im.mashina.kg/tachka/images//f/8/e/f8ef5ff28bb3c34982b87754c63e7e8d_240x180.jpg,"$17900

1517920сом","2015 г., 2.5 л., вариатор
седан, гибрид
руль слева, 115 000 км
Ош
   "
ToyotaEstima,https://im.mashina.kg/tachka/images//5/6/4/564b2976c0161a24c4ec22d02f1ad6aa_240x180.jpg,"$8500

720800сом","2002 г., 3 л., автомат
минивэн, бензин
руль справа
Ош
   "
ToyotaCorolla,https://im.mashina.kg/tachka/images//c/0/0/c002e08f2c471651743f61968362386d_240x180.jpg,"$4127

350000сом","2002 г., 1.6 л., механика
седан, бензин
руль слева, 348 000 км
Ош
   "
ToyotaAvensis,https://im.mashina.kg/tachka/images//2/e/b/2ebb2063799982d1b687e798b7476b01_240x180.jpg,"$3800

322240сом","2002 г., 1.8 л., механика
седан, бензин
руль слева, 225 000 км
Ош
   "
ToyotaCamry,https://im.mashina.kg/tachka/images//d/5/8/d58d88bba84e888f2e2b1b238f4c0c2f_240x180.jpg,"$8000

678400сом","2004 г., 2.4 л., автомат
седан, бензин
руль слева
Ош
   "
ToyotaLandCruiser,https://im.mashina.kg/tachka/images//3/f/6/3f693738a783fcf9dc4056237e5eda60_240x180.jpg,"$12200

1034560сом","2002 г., 4.5 л., автомат
внедорожник 5 дв., бензин
руль слева, 256 000 км
Ош
   "
ToyotaIst,https://im.mashina.kg/tachka/images//5/6/b/56b247f13c893d074d4fdce914f89a25_240x180.jpg,"$5483

465000сом","2002 г., 1.5 л., автомат
хэтчбек 5 дв., бензин
руль справа
Ноокат"
ToyotaCamry,https://im.mashina.kg/tachka/images//a/f/d/afd7160625b1f135abf9a20c824e8ac3_240x180.jpg,"$11500

975200сом","2013 г., 2.5 л., автомат
седан, бензин
руль слева
Ош
   "
ToyotaCamry,https://im.mashina.kg/tachka/images//f/5/e/f5ec6c47e1fd56dfa89879e2ab1e64f9_240x180.jpg,"$13900

1178720сом","2015 г., 2.5 л., автомат
седан, бензин
руль слева, 80 000 км
Ош
   "
ToyotaCamry,https://im.mashina.kg/tachka/images//4/b/a/4ba98912fb1bf8573bdc0dae1787534f_240x180.jpg,"$17900

1517920сом","2015 г., 2.5 л., вариатор
седан, гибрид
руль слева, 138 000 км
Ош
   "
ToyotaCamry,https://im.mashina.kg/tachka/images//a/3/e/a3e596448665743a71991fe457bbacfc_240x180.jpg,"$11500

975200сом","2010 г., 2.4 л., вариатор
седан, гибрид
руль слева
Ош
   "
ToyotaHighlander,https://im.mashina.kg/tachka/images//9/d/2/9d26d8e84046cf47f1b3d01d88d7378b_240x180.jpg,"$9300

788640сом","2003 г., 3 л., автомат
внедорожник 5 дв., бензин
руль слева
Ош
   "
ToyotaLandCruiser,https://im.mashina.kg/tachka/images//2/a/a/2aa274d3f691785e5f6769b91455177a_240x180.jpg,"$65000

5512000сом","2016 г., 4.6 л., автомат
внедорожник 5 дв., бензин
руль слева, 88 000 км
Ош
   "
ToyotaRAV4,https://im.mashina.kg/tachka/images//f/e/5/fe56b550b3de09764e7e3e997ad78c3c_240x180.jpg,"$40900

3468320сом","2021 г., 2 л., вариатор
внедорожник, бензин
руль слева
Ош
   "
ToyotaCorolla,https://im.mashina.kg/tachka/images//2/0/9/209c7bb68270da8988c16ebcf31aee6c_240x180.jpg,"$26400

2238720сом","2021 г., 1.6 л., вариатор
седан, бензин
руль слева
Ош
   "
Toyota4Runner,https://im.mashina.kg/tachka/images//7/d/2/7d261b33783ece0075370c62b1841002_240x180.jpg,"$14000

1187200сом","2003 г., 4.7 л., автомат
внедорожник 5 дв., бензин
руль слева, 200 000 км
Ош
   "
ToyotaAvensis,https://im.mashina.kg/tachka/images//4/1/2/4125e86e85e73aa786ebece47a41883f_240x180.jpg,"$4599

390000сом","2001 г., 1.8 л., механика
универсал, бензин
руль слева
Ош
   "
ToyotaCrown,https://im.mashina.kg/tachka/images//e/0/2/e02b9005a1b958572b90a878e61167c9_240x180.jpg,"$10500

890400сом","2007 г., 3.5 л., автомат
седан, бензин
руль справа, 151 000 км
Кара-С"
ToyotaLandCruiser,https://im.mashina.kg/tachka/images//3/b/a/3ba491f4cb1e8256f02777627a0ff744_240x180.jpg,"$9080

770000сом","2001 г., 4.5 л., автомат
внедорожник 5 дв., бензин
руль слева, 240 000 км
Ош
   "
ToyotaCorolla,https://im.mashina.kg/tachka/images//7/b/5/7b57fc27412ac6b09311ddb750bcff3e_240x180.jpg,"$7500

636000сом","2006 г., 1.6 л., автомат
универсал, бензин
руль слева
Ош
   "
ToyotaCamry,https://im.mashina.kg/tachka/images//6/1/a/61a973738473652d1b115ad52e78c4dc_240x180.jpg,"$8200

695360сом","2003 г., 2.4 л., автомат
седан, бензин
руль слева, 262 000 км
Ош
   "
ToyotaAllex,https://im.mashina.kg/tachka/images//c/2/d/c2d21a4dbeb287f069e8ba39529ad88a_240x180.jpg,"$5896

500000сом","2003 г., 1.5 л., автомат
хэтчбек 5 дв., бензин
руль справа, 255 000 км
Ош
   "
ToyotaAvensis,https://im.mashina.kg/tachka/images//f/1/8/f182bfc6ec0fa2b4f8b8cbec803e6e4a_240x180.jpg,"$3066

260000сом","2000 г., 1.6 л., механика
седан, бензин
руль слева
Кара-С"
ToyotaCamry,https://im.mashina.kg/tachka/images//e/b/0/eb064654a9836ca52980a822f4b6720e_240x180.jpg,"$27000

2289600сом","2019 г., 2.5 л., вариатор
седан, гибрид
руль слева, 15 800 км
Ош
   "
ToyotaHarrier,https://im.mashina.kg/tachka/images//0/0/3/003a5fd233c645041812eb08d741921b_240x180.jpg,"$10800

915840сом","2003 г., 3 л., автомат
внедорожник 5 дв., бензин
руль справа, 179 000 км
Ош
   "
ToyotaCrown,https://im.mashina.kg/tachka/images//b/0/4/b04ac5da3df26337e0ef53e5c618184f_240x180.jpg,"$8800

746240сом","2004 г., 3 л., автомат
седан, бензин
руль справа, 95 350 км
Ош
   "
ToyotaAvensis,https://im.mashina.kg/tachka/images//1/4/3/143f1ad3d1cc82c31eb4d50a0dc3b88b_240x180.jpg,"$3184

270000сом","2000 г., 2 л., механика
седан, бензин
руль слева, 315 245 км
Ош
   "
ToyotaWish,https://im.mashina.kg/tachka/images//4/3/c/43cc1dcccb3f1c5da42808d55fd2ec89_240x180.jpg,"$6000

508800сом","2005 г., 2 л., вариатор
минивэн, бензин
руль справа, 200 000 км
Ош
   "
ToyotaCorolla,https://im.mashina.kg/tachka/images//8/1/f/81fcea8d9fccf3ff90bc2421226f1520_240x180.jpg,"$7300

619040сом","2006 г., 1.6 л., автомат
седан, бензин
руль слева, 212 000 км
Ош
   "
ToyotaCamry,https://im.mashina.kg/tachka/images//f/c/c/fcc2ab73ba3bab9c3a707835f08d55cf_240x180.jpg,"$8200

695360сом","2003 г., 3 л., автомат
седан, бензин
руль слева, 200 000 км
Ош
   "
ToyotaAvensisVerso,https://im.mashina.kg/tachka/images//3/0/0/30004c5d6bf0205f773dba0905079fee_240x180.jpg,"$6800

576640сом","2001 г., 2 л., автомат
минивэн, бензин
руль слева, 270 000 км
Узген
"
ToyotaISis,https://im.mashina.kg/tachka/images//d/3/7/d37140e564b5ce2b1ef4cd67d7003775_240x180.jpg,"$7500

636000сом","2006 г., 2 л., вариатор
минивэн, бензин
руль справа, 167 000 км
Ош
   "
ToyotaCamry,https://im.mashina.kg/tachka/images//2/e/0/2e0bf113cabf710964b7c8d73708e9e0_240x180.jpg,"$8200

695360сом","2004 г., 2.4 л., автомат
седан, бензин
руль слева, 300 000 км
Узген
"
ToyotaCorolla,https://im.mashina.kg/tachka/images//8/7/f/87f1db2c79f3f71f97add4228ee4bd05_240x180.jpg,"$6700

568160сом","2006 г., 1.8 л., автомат
седан, бензин
руль слева, 260 000 км
Ош
   "
ToyotaCrown,https://im.mashina.kg/tachka/images//d/7/0/d70c80838bff18e6ccb76dab4ff2119e_240x180.jpg,"$7600

644480сом","2004 г., 3 л., автомат
седан, бензин
руль слева, 185 000 км
Ош
   "
ToyotaMarkX,https://im.mashina.kg/tachka/images//b/9/6/b969808718ee27326138812d1011742c_240x180.jpg,"$6000

508800сом","2007 г., 3 л., автомат
седан, бензин
руль справа, 153 000 км
Ош
   "
Toyota4Runner,https://im.mashina.kg/tachka/images//8/d/b/8db8ceed2c7e2b8050a9aa032b78140a_240x180.jpg,"$19700

1670560сом","2008 г., 4 л., автомат
внедорожник 5 дв., бензин
руль слева, 210 000 км
Ош
   "
ToyotaCorolla,https://im.mashina.kg/tachka/images//c/0/0/c00b06b2330007a7c17b748f0769a7ba_240x180.jpg,"$7000

593600сом","2007 г., 1.6 л., робот
седан, бензин
руль слева, 232 000 км
Ош
   "
ToyotaCamry,https://im.mashina.kg/tachka/images//c/f/8/cf8783945070fbc8788674f442172f9e_240x180.jpg,"$5307

450000сом","2003 г., 2.4 л., механика
седан, бензин
руль слева, 263 000 км
Ош
   "
ToyotaCamry,https://im.mashina.kg/tachka/images//e/0/6/e06f1475310d475814f2495f44853737_240x180.jpg,"$13000

1102400сом","2013 г., 2.5 л., автомат
седан, бензин
руль слева, 94 000 км
Ош
   "
ToyotaCorolla,https://im.mashina.kg/tachka/images//8/9/5/8956e5f30a1b66971a180f0de15aea2c_240x180.jpg,"$4717

400000сом","2003 г., 1.6 л., механика
седан, бензин
руль слева
Ош
   "
ToyotaCamry,https://im.mashina.kg/tachka/images//f/7/3/f738c3a6af1acc77eb5afd14018037a3_240x180.jpg,"$10800

915840сом","2011 г., 2.5 л., автомат
седан, бензин
руль слева, 126 000 км
Ош
   "
ToyotaCamry,https://im.mashina.kg/tachka/images//7/1/2/71219610889fc0639a432acf45584353_240x180.jpg,"$8499

720715сом","2004 г., 2.4 л., автомат
седан, бензин
руль справа, 146 000 км
Ош
   "
ToyotaAltezza,https://im.mashina.kg/tachka/images//a/d/4/ad4995990012da14e871aaf6bc7b8a0a_240x180.jpg,"$5189

440000сом","2002 г., 2 л., автомат
седан, бензин
руль справа, 250 000 км
Ош
   "
ToyotaCamry(Japan),https://im.mashina.kg/tachka/images//1/2/7/1271a1c90faadcb57021a7402e276a62_240x180.jpg,"$8499

720715сом","2004 г., 2.4 л., автомат
седан, бензин
руль справа, 147 000 км
Ош
   "
ToyotaCamry,https://im.mashina.kg/tachka/images//f/2/0/f20b43ce7fd8764228559fc5064d5f05_240x180.jpg,"$10000

848000сом","2009 г., 2.5 л., автомат
седан, бензин
руль слева, 113 500 км
Ош
   "
ToyotaHiluxSurf,https://im.mashina.kg/tachka/images//6/6/b/66b07d08d06c23d42e9a69d146edc265_240x180.jpg,"$6300

534240сом","1998 г., 2.7 л., автомат
внедорожник 5 дв., бензин
руль слева, 200 000 км
Ош
   "
ToyotaMarkII,https://im.mashina.kg/tachka/images//f/4/8/f4825dda6172b67fd054718913d3a15c_240x180.jpg,"$5000

424000сом","2002 г., 2.5 л., автомат
седан, бензин
руль справа
Ош
   "
ToyotaAllion,https://im.mashina.kg/tachka/images//d/8/c/d8c1a7a9855d31939a20558d358ff3de_240x180.jpg,"$6600

559680сом","2002 г., 1.8 л., автомат
седан, бензин
руль справа, 250 101 км
Ош
   "
ToyotaCrown,https://im.mashina.kg/tachka/images//5/3/4/5345c15a202b59ec8b608491a7dfd0d1_240x180.jpg,"$9000

763200сом","2005 г., 3 л., автомат
седан, бензин
руль справа, 127 000 км
Ош
   "
ToyotaCorolla,https://im.mashina.kg/tachka/images//0/5/1/0511b9921b380489d4c0f6ab8b03cf11_240x180.jpg,"$5495

466000сом","2003 г., 1.6 л., механика
седан, бензин
руль слева
Ош
   "
ToyotaHarrier,https://im.mashina.kg/tachka/images//2/e/0/2e0f91a5137483c3b62b88cf6e657c16_240x180.jpg,"$14500

1229600сом","2006 г., 3.5 л., автомат
внедорожник 5 дв., бензин
руль справа, 145 000 км
Узген
"
ToyotaWindom,https://im.mashina.kg/tachka/images//8/c/c/8cc6f3997a8158ecb5b2ede1643dc589_240x180.jpg,"$7800

661440сом","2004 г., 3 л., автомат
седан, бензин
руль справа
Ош
   "
Toyota4Runner,https://im.mashina.kg/tachka/images//2/6/b/26b181a9aa1654f99973a8a8fe0ba6e4_240x180.jpg,"$14500

1229600сом","2004 г., 4 л., автомат
внедорожник 5 дв., бензин
руль слева
Ош
   "
ToyotaCamry,https://im.mashina.kg/tachka/images//b/d/d/bddffe4295239dbe1cba600bfd0adc43_240x180.jpg,"$8800

746240сом","2004 г., 2.4 л., автомат
седан, бензин
руль слева
Ош
   "
ToyotaAvensis,https://im.mashina.kg/tachka/images//b/1/6/b1608eb7d0b5cf29056bb1546d25e758_240x180.jpg,"$4127

350000сом","2000 г., 1.8 л., механика
седан, бензин
руль слева, 400 000 км
Ош
   "
ToyotaCorollaSpacio,https://im.mashina.kg/tachka/images//8/c/f/8cf3863676c285dedef0944ef6f77518_240x180.jpg,"$4300

364640сом","1998 г., 1.8 л., автомат
минивэн, бензин
руль справа, 233 000 км
Ош
   "
Toyota4Runner,https://im.mashina.kg/tachka/images//e/5/0/e50425d1882cc16384838cf3dd3c529e_240x180.jpg,"$25000

2120000сом","2010 г., 4 л., автомат
внедорожник 5 дв., бензин
руль слева, 132 000 км
Ош
   "
ToyotaAlphard,https://im.mashina.kg/tachka/images//b/e/a/beaf6bddadf0aa1c71eb251fc2d61901_240x180.jpg,"$16000

1356800сом","2008 г., 3 л., автомат
минивэн, бензин
руль слева
Ош
   "
ToyotaCorollaVerso,https://im.mashina.kg/tachka/images//2/9/0/2904f9b97b9482319cbd99f0bd1615c0_240x180.jpg,"$6000

508800сом","2002 г., 1.8 л., механика
минивэн, бензин
руль слева, 150 000 км
Ош
   "
ToyotaAvensis,https://im.mashina.kg/tachka/images//6/8/b/68b034fe6fc984736956e5c84481fe40_240x180.jpg,"$4245

360000сом","2001 г., 1.8 л., механика
седан, бензин
руль слева, 248 102 км
Ош
   "
ToyotaCorolla,https://im.mashina.kg/tachka/images//9/c/b/9cb1620476ab45f1af22e14054d1436f_240x180.jpg,"$6500

551200сом","2004 г., 1.6 л., автомат
универсал, бензин
руль слева, 211 000 км
Узген
"
ToyotaCrown,https://im.mashina.kg/tachka/images//7/4/2/742f6954d915e126647dcf13d9f957d3_240x180.jpg,"$8500

720800сом","2004 г., 3 л., автомат
седан, бензин
руль справа
Узген
"
ToyotaAvensis,https://im.mashina.kg/tachka/images//d/6/7/d67603e9b3c36739cceced0c1ba7f2f8_240x180.jpg,"$3655

309944сом","2001 г., 1.6 л., механика
седан, бензин
руль слева
Ош
   "
ToyotaCorollaVerso,https://im.mashina.kg/tachka/images//8/f/0/8f019a23dda424522a7818237319171a_240x180.jpg,"$6000

508800сом","2002 г., 1.8 л., механика
минивэн, бензин
руль слева, 350 000 км
Кара-К"
ToyotaCorolla,https://im.mashina.kg/tachka/images//8/3/f/83fe639fa6224303dc8d686df0449e97_240x180.jpg,"$5896

500000сом","2004 г., 1.8 л., автомат
седан, бензин
руль слева, 200 000 км
Ош
   "
ToyotaYaris,https://im.mashina.kg/tachka/images//c/d/4/cd4c1bcafdfeb389db911525369f90b1_240x180.jpg,"$3125

265000сом","1999 г., 1 л., механика
хэтчбек 5 дв., бензин
руль слева
Ош
   "
ToyotaWindom,https://im.mashina.kg/tachka/images//8/e/b/8eb4babcc7243e7d09906b1cdd28cae2_240x180.jpg,"$7500

636000сом","2002 г., 3 л., автомат
седан, бензин
руль слева, 250 000 км
Ош
   "
ToyotaCamry,https://im.mashina.kg/tachka/images//a/2/a/a2aae5655847f24fd08e7f129632dfe0_240x180.jpg,"$5896

500000сом","2002 г., 2.4 л., механика
седан, бензин
руль слева, 134 000 км
Ош
   "
ToyotaAvensis,https://im.mashina.kg/tachka/images//6/3/1/6317f732f8ea05463eff68e7abc215e9_240x180.jpg,"$3100

262880сом","1999 г., 1.6 л., механика
седан, бензин
руль слева, 321 000 км
Ноокат"
ToyotaIpsum,https://im.mashina.kg/tachka/images//f/3/7/f37cc1ee6aef3b1659ca62560420965f_240x180.jpg,"$3361

285000сом","1997 г., 2 л., автомат
минивэн, бензин
руль справа, 320 000 км
Ош
   "
ToyotaCamry(Japan),https://im.mashina.kg/tachka/images//8/f/7/8f7eed2f8157d06e854df4e5403e8da0_240x180.jpg,"$7075

600000сом","2002 г., 2.4 л., автомат
седан, бензин
руль справа, 285 227 км
Узген
"
Toyota4Runner,https://im.mashina.kg/tachka/images//f/c/f/fcf75368d3c17a27606c09ac2a6153ff_240x180.jpg,"$22000

1865600сом","2008 г., 4 л., автомат
внедорожник 5 дв., бензин
руль слева
Ош
   "
ToyotaAuris,https://im.mashina.kg/tachka/images//d/2/5/d250fbbf86f8b6a7e25f9082fdd16fc2_240x180.jpg,"$7200

610560сом","2008 г., 1.4 л., механика
хэтчбек 5 дв., бензин
руль слева
Ош
   "
ToyotaCamry,https://im.mashina.kg/tachka/images//2/e/e/2eed0ce09beb823b27b3de907a5db05e_240x180.jpg,"$16500

1399200сом","2015 г., 2.5 л., вариатор
седан, гибрид
руль слева, 122 000 км
Ош
   "
ToyotaRAV4,https://im.mashina.kg/tachka/images//5/4/b/54bee0341ed0bbee3e2a7afa8a165e8d_240x180.jpg,"$21800

1848640сом","2014 г., 2.5 л., автомат
внедорожник 5 дв., бензин
руль слева, 85 193 км
Ош
   "
ToyotaAvensis,https://im.mashina.kg/tachka/images//c/2/7/c275111fdaa5439a8bc3c44827ac4310_240x180.jpg,"$3538

300000сом","2000 г., 1.6 л., механика
универсал, бензин
руль слева
Ош
   "
ToyotaCamry,https://im.mashina.kg/tachka/images//b/f/1/bf15c456374bf7b957da33a2ae6a1b4a_240x180.jpg,"$8500

720800сом","2004 г., 3 л., автомат
седан, бензин
руль слева, 280 000 км
Ош
   "
ToyotaCamry,https://im.mashina.kg/tachka/images//e/5/8/e589b6f891132749693b873203b97f6d_240x180.jpg,"$8300

703840сом","2004 г., 2.4 л., автомат
седан, бензин
руль слева, 290 000 км
Ош
   "
ToyotaCamry,https://im.mashina.kg/tachka/images//8/d/4/8d408363211ee23d54eea09161e56bc4_240x180.jpg,"$9500

805600сом","2004 г., 2.4 л., автомат
седан, бензин
руль справа
Ош
   "
ToyotaCamry,https://im.mashina.kg/tachka/images//5/1/a/51a26ab84a3cf6c170f68c8c7eea0ee0_240x180.jpg,"$8500

720800сом","2004 г., 3 л., автомат
седан, бензин
руль слева
Ош
   "
ToyotaWish,https://im.mashina.kg/tachka/images//e/6/7/e67fb02a93f642c5677d4207f11b1f69_240x180.jpg,"$7000

593600сом","2003 г., 1.8 л., автомат
минивэн, бензин
руль справа
Ош
   "
ToyotaWish,https://im.mashina.kg/tachka/images//1/a/b/1ab0d7f46b1af89c8b08c19b1f51c6de_240x180.jpg,"$6800

576640сом","2004 г., 2 л., вариатор
минивэн, бензин
руль справа, 220 000 км
Ош
   "
ToyotaCorolla,https://im.mashina.kg/tachka/images//4/0/3/403a76ff2579c616f113bcc31b9e1674_240x180.jpg,"$1769

150000сом","1992 г., 1.6 л., автомат
седан, бензин
руль справа, 250 121 км
Кара-С"
ToyotaIpsum,https://im.mashina.kg/tachka/images//d/8/6/d8612e96e22e7d11b2447aee4a1ea189_240x180.jpg,"$4500

381600сом","1997 г., 2 л., автомат
минивэн, бензин
руль справа, 235 000 км
Ош
   "
ToyotaEstima,https://im.mashina.kg/tachka/images//2/6/9/2699745281c27013e4e53e34d9406784_240x180.jpg,"$7901

670000сом","2001 г., 3 л., автомат
минивэн, бензин
руль справа, 227 000 км
Ош
   "
ToyotaCamry,https://im.mashina.kg/tachka/images//c/5/4/c5496fb56d01c054b954328cc12166f4_240x180.jpg,"$9900

839520сом","2009 г., 2.5 л., автомат
седан, бензин
руль слева, 150 000 км
Ош
   "
ToyotaCorolla,https://im.mashina.kg/tachka/images//f/0/3/f03ebbe773686a101df51b699966d80d_240x180.jpg,"$5531

469000сом","2006 г., 1.6 л., робот
седан, бензин
руль слева, 199 999 км
Ош
   "
ToyotaCamry,https://im.mashina.kg/tachka/images//4/9/a/49a1e5b2a0d5f6348f862ea32fd139c6_240x180.jpg,"$7500

636000сом","2002 г., 2.4 л., автомат
седан, бензин
руль справа, 263 000 км
Ош
   "
ToyotaCamry,https://im.mashina.kg/tachka/images//6/9/d/69dc30cc5172ae24f76509b36b6d5651_240x180.jpg,"$7900

669920сом","2003 г., 2.4 л., автомат
седан, бензин
руль слева, 274 000 км
Ош
   "
ToyotaProgres,https://im.mashina.kg/tachka/images//e/e/e/eee1400aded04cbc89ce9d8ebff3da46_240x180.jpg,"$3892

330000сом","2002 г., 2.5 л., автомат
седан, бензин
руль справа, 250 000 км
Ош
   "
ToyotaCamry,https://im.mashina.kg/tachka/images//7/8/8/7887cddf4075c8ffbbcbe954b135c01a_240x180.jpg,"$16200

1373760сом","2016 г., 2.5 л., автомат
седан, бензин
руль слева, 99 000 км
Ноокат"
ToyotaCorolla,https://im.mashina.kg/tachka/images//5/9/5/595be0d2277e1a65be059aae6e197053_240x180.jpg,"$10200

864960сом","2015 г., 1.6 л., механика
седан, бензин
руль слева
Ош
   "
ToyotaAvensis,https://im.mashina.kg/tachka/images//0/8/9/0890375febbdceb7f35a6847bb9c77c9_240x180.jpg,"$6486

550000сом","2003 г., 2 л., автомат
седан, бензин
руль слева, 191 000 км
Ош
   "
ToyotaVoxy,https://im.mashina.kg/tachka/images//5/1/1/5118497473bf2fd41cecb5f35fa6437e_240x180.jpg,"$7500

636000сом","2007 г., 2 л., автомат
минивэн, бензин
руль справа
Ош
   "
ToyotaAvensisVerso,https://im.mashina.kg/tachka/images//4/0/7/4071c9d58e13214348e4e3b8d3692b7d_240x180.jpg,"$6200

525760сом","2003 г., 2 л., автомат
минивэн, бензин
руль слева, 300 000 км
Ош
   "
ToyotaYaris,https://im.mashina.kg/tachka/images//c/5/2/c52a782e21dad6cd57bf9e8bf1be5627_240x180.jpg,"$6486

550000сом","2008 г., 1 л., механика
хэтчбек 5 дв., бензин
руль слева, 170 000 км
Ош
   "
ToyotaCamry,https://im.mashina.kg/tachka/images//3/7/d/37dcaee8a929e661584c05304a8ceea1_240x180.jpg,"$8000

678400сом","2004 г., 2.4 л., автомат
седан, бензин
руль слева, 166 397 км
Ноокат"
ToyotaAvalon,https://im.mashina.kg/tachka/images//f/a/b/fab4dc84dcb789cadaa1b98f8c4d5f14_240x180.jpg,"$17500

1484000сом","2015 г., 2.5 л., вариатор
седан, гибрид
руль слева, 75 000 км
Ош
   "
ToyotaCamry,https://im.mashina.kg/tachka/images//7/9/e/79e0fc61d7654cb62b22041596356070_240x180.jpg,"$14500

1229600сом","2016 г., 2.5 л., вариатор
седан, гибрид
руль слева, 81 000 км
Ош
   "
ToyotaCorolla,https://im.mashina.kg/tachka/images//3/b/6/3b62ae5a89504a6ac2338bb2a5ffb309_240x180.jpg,"$9000

763200сом","2013 г., 1.6 л., механика
седан, бензин
руль слева, 150 000 км
Ноокат"
ToyotaEstima,https://im.mashina.kg/tachka/images//7/7/0/770248391e3f0ba9816de89a1ccea74a_240x180.jpg,"$5307

450000сом","2001 г., 2.4 л., автомат
минивэн, бензин
руль справа
Ош
   "
ToyotaCamry,https://im.mashina.kg/tachka/images//8/2/0/820b23327b158ebefa04311206c59645_240x180.jpg,"$14500

1229600сом","2016 г., 2.5 л., автомат
седан, бензин
руль слева, 70 000 км
Ош
   "
ToyotaCamry,https://im.mashina.kg/tachka/images//4/6/6/46626c31de2c2c943581509765fa1579_240x180.jpg,"$9200

780160сом","2004 г., 2.4 л., автомат
седан, бензин
руль слева, 210 121 км
Ош
   "
ToyotaCamry,https://im.mashina.kg/tachka/images//f/4/c/f4c40877ba134d679e5d42c234e12399_240x180.jpg,"$8500

720800сом","2006 г., 2.4 л., автомат
седан, бензин
руль слева, 276 000 км
Ош
   "
ToyotaCamry,https://im.mashina.kg/tachka/images//d/3/0/d30a8da4b84e650071c96b3bcd63d5ad_240x180.jpg,"$8600

729280сом","2002 г., 3 л., автомат
седан, бензин
руль слева, 150 000 км
Узген
"
ToyotaCorolla,https://im.mashina.kg/tachka/images//e/6/9/e696d43d9871f07fb1da3baba175405d_240x180.jpg,"$5896

500000сом","2003 г., 1.6 л., автомат
хэтчбек 5 дв., бензин
руль слева, 300 000 км
Ош
   "
ToyotaCamry,https://im.mashina.kg/tachka/images//d/0/d/d0d71d41da6172fe26d0817c84f3a1fe_240x180.jpg,"$8000

678400сом","2002 г., 2.4 л., автомат
седан, бензин
руль слева, 320 000 км
Ош
   "
ToyotaMatrix,https://im.mashina.kg/tachka/images//1/6/f/16fca56f2c060f70b3f0aec17b58c1d9_240x180.jpg,"$4304

365000сом","2002 г., 1.8 л., механика
минивэн, бензин
руль слева
Ош
   "
ToyotaCamry,https://im.mashina.kg/tachka/images//7/7/7/77782bed1837e0a916bff75a41cfe012_240x180.jpg,"$11000

932800сом","2005 г., 3 л., автомат
седан, бензин
руль слева
Ош
   "
ToyotaCamry,https://im.mashina.kg/tachka/images//4/d/7/4d75fdd40aa5ac5b970a44d3370a8b7c_240x180.jpg,"$13500

1144800сом","2014 г., 2.5 л., автомат
седан, бензин
руль слева, 77 000 км
Ош
   "
ToyotaCamry,https://im.mashina.kg/tachka/images//d/e/2/de2c535883e233682520a117a4ced087_240x180.jpg,"$22500

1908000сом","2018 г., 2.5 л., автомат
седан, бензин
руль слева, 70 000 км
Ош
   "
ToyotaAlphard,https://im.mashina.kg/tachka/images//a/9/a/a9ae33bf1fa086d27bc186008ac5aaa0_240x180.jpg,"$12700

1076960сом","2005 г., 3 л., автомат
минивэн, бензин
руль слева, 226 457 км
Ош
   "
ToyotaCamry,https://im.mashina.kg/tachka/images//a/c/6/ac6f4e29a893a99ed904946a97afb235_240x180.jpg,"$19500

1653600сом","2017 г., 2.5 л., вариатор
седан, гибрид
руль слева, 32 000 км
Ош
   "
ToyotaCamry,https://im.mashina.kg/tachka/images//0/b/d/0bdfadf77f409141c34621cc252af715_240x180.jpg,"$11000

932800сом","2011 г., 2.5 л., автомат
седан, бензин
руль слева, 170 000 км
Ош
   "
ToyotaCorolla,https://im.mashina.kg/tachka/images//8/a/0/8a00fe1da720b47e0ac5c941558735c1_240x180.jpg,"$4481

380000сом","2003 г., 1.6 л., механика
седан, бензин
руль слева, 337 254 км
Ош
   "
ToyotaCorolla,https://im.mashina.kg/tachka/images//7/1/5/715f61de89619c9bbb33fda257bdfa60_240x180.jpg,"$5300

449440сом","2003 г., 1.5 л., автомат
универсал, бензин
руль справа, 350 000 км
Кара-К"
ToyotaSienna,https://im.mashina.kg/tachka/images//e/6/a/e6a2b974628d108a0d428a8f5312f3da_240x180.jpg,"$26000

2204800сом","2015 г., 3.5 л., автомат
минивэн, бензин
руль слева, 101 000 км
Ош
   "
ToyotaCrownMajesta,https://im.mashina.kg/tachka/images//e/6/5/e65b422dd01b5c3290bbfa0597fcdc68_240x180.jpg,"$7665

650000сом","2005 г., 4.3 л., автомат
седан, бензин
руль справа
Ош
   "
ToyotaCorolla,https://im.mashina.kg/tachka/images//a/7/3/a73068eaf08e7c57fb387ca49604cfb1_240x180.jpg,"$5425

460000сом","2002 г., 1.6 л., механика
седан, бензин
руль слева, 202 000 км
Ош
   "
ToyotaCamry(Japan),https://im.mashina.kg/tachka/images//0/9/4/09499d14a84a19fdaa50a6be143cf9bb_240x180.jpg,"$8200

695360сом","2004 г., 2.4 л., автомат
седан, бензин
руль справа, 130 800 км
Ош
   "
ToyotaAvensisVerso,https://im.mashina.kg/tachka/images//b/6/8/b684876152b6a58109fe411569df7bad_240x180.jpg,"$6000

508800сом","2002 г., 2 л., автомат
минивэн, бензин
руль слева, 295 000 км
Ош
   "
ToyotaCamry,https://im.mashina.kg/tachka/images//3/8/4/384ff241b53e5b6ba65e8026a0313704_240x180.jpg,"$7800

661440сом","2005 г., 2.4 л., автомат
седан, бензин
руль слева
Ош
   "
ToyotaAuris,https://im.mashina.kg/tachka/images//2/2/5/22520bf8f95c8d07c7a7647413a72a6e_240x180.jpg,"$7200

610560сом","2008 г., 1.6 л., механика
хэтчбек 5 дв., бензин
руль слева, 260 000 км
Ош
   "
ToyotaAvensisVerso,https://t1-client.toyota-europe.com/images/toyota-logo.jpg,"$5307

450000сом","2002 г., 2 л., автомат
минивэн, бензин
руль справа, 223 000 км
Ош
   "
ToyotaCorolla,https://im.mashina.kg/tachka/images//0/1/e/01eba1de6086ea776461f581ab8b542f_240x180.jpg,"$5071

430000сом","2003 г., 1.4 л., механика
хэтчбек 5 дв., бензин
руль слева, 240 000 км
Ош
   "
ToyotaPrius,https://im.mashina.kg/tachka/images//0/4/7/0470678fec1afcd93cefa4f6781ec18f_240x180.jpg,"$15900

1348320сом","2016 г., 1.8 л., вариатор
хэтчбек 5 дв., гибрид
руль слева, 135 000 км
Ош
   "
ToyotaCorolla,https://im.mashina.kg/tachka/images//6/2/9/629dd32ae538869f26b9aa6802c23957_240x180.jpg,"$5700

483360сом","2003 г., 1.6 л., механика
универсал, бензин
руль слева, 220 000 км
Ош
   "
ToyotaCamry,https://im.mashina.kg/tachka/images//9/1/e/91e5c81c0c095a90bf1f60681d164ac1_240x180.jpg,"$7300

619040сом","2002 г., 2.4 л., автомат
седан, бензин
руль слева, 274 000 км
Ош
   "
ToyotaCorolla,https://im.mashina.kg/tachka/images//7/3/4/7342773095af6e47ba838762ac42aa3f_240x180.jpg,"$9800

831040сом","2010 г., 1.6 л., автомат
седан, бензин
руль слева
Ош
   "
ToyotaCamry,https://im.mashina.kg/tachka/images//4/c/e/4ced0a29d8f169a4da546b17585a6135_240x180.jpg,"$9300

788640сом","2005 г., 2.4 л., автомат
седан, бензин
руль справа, 245 000 км
Ош
   "
ToyotaAlphard,https://im.mashina.kg/tachka/images//4/d/f/4df784a626079041fa0ff20fc1459161_240x180.jpg,"$16800

1424640сом","2007 г., 3 л., автомат
минивэн, бензин
руль слева, 200 000 км
Ош
   "
ToyotaCorollaVerso,https://im.mashina.kg/tachka/images//4/f/d/4fd846e4516971a094820da819d94e53_240x180.jpg,"$8000

678400сом","2005 г., 1.8 л., механика
минивэн, бензин
руль слева, 227 000 км
Ош
   "
ToyotaAuris,https://im.mashina.kg/tachka/images//d/3/d/d3dca6b54702ef504c9a96f5e0e5d93c_240x180.jpg,"$6132

520000сом","2007 г., 1.6 л., робот
хэтчбек 5 дв., бензин
руль слева
Ош
   "
ToyotaMarkII,https://im.mashina.kg/tachka/images//f/2/5/f25be382c030eb0cda2f4184c5038085_240x180.jpg,"$6000

508800сом","2002 г., 2.5 л., автомат
седан, бензин
руль справа
Ош
   "
ToyotaCamry,https://im.mashina.kg/tachka/images//6/f/d/6fd7702c5ca38baeedba850c308a777e_240x180.jpg,"$13500

1144800сом","2011 г., 2.4 л., вариатор
седан, гибрид
руль слева, 90 000 км
Ош
   "
ToyotaAlphard,https://im.mashina.kg/tachka/images//9/c/2/9c251029c2740350c55e9a39d4cbee2b_240x180.jpg,"$12000

1017600сом","2008 г., 2.4 л., вариатор
минивэн, гибрид
руль слева
Араван"
ToyotaWish,https://im.mashina.kg/tachka/images//1/0/5/10532d687e2001b1a9255a745ed25635_240x180.jpg,"$5896

500000сом","2003 г., 2 л., вариатор
минивэн, бензин
руль справа, 202 000 км
Ош
   "
ToyotaCamry,https://im.mashina.kg/tachka/images//0/8/1/0810c44d1675b05c7e74802dc6c40712_240x180.jpg,"$6840

580000сом","2001 г., 2.4 л., автомат
седан, бензин
руль слева, 280 000 км
Ош
   "
ToyotaAvensis,https://im.mashina.kg/tachka/images//9/a/c/9ac5b969a8d0beaf99e72557df40b211_240x180.jpg,"$7000

593600сом","2007 г., 1.8 л., механика
седан, бензин
руль слева, 170 000 км
Араван"
ToyotaVerso,https://im.mashina.kg/tachka/images//d/5/a/d5a83cc99c5f003b25eabe266c6ca78a_240x180.jpg,"$12000

1017600сом","2014 г., 1.6 л., механика
минивэн, бензин
руль слева, 144 000 км
Араван"
ToyotaYaris,https://im.mashina.kg/tachka/images//3/d/9/3d99d51e77c1ba3d3ed67e7ae1da978d_240x180.jpg,"$3420

290000сом","2003 г., 1.3 л., механика
хэтчбек 5 дв., бензин
руль слева, 175 000 км
Ош
   "
ToyotaVerso,https://im.mashina.kg/tachka/images//f/c/8/fc8948ef2e048855c0825a1cfe161b64_240x180.jpg,"$10500

890400сом","2011 г., 1.8 л., механика
минивэн, бензин
руль слева, 144 500 км
Ош
   "
ToyotaVerso,https://im.mashina.kg/tachka/images//3/8/0/380b5a24cd2d078dfdf7745595def27c_240x180.jpg,"$11500

975200сом","2010 г., 1.8 л., вариатор
минивэн, бензин
руль слева, 112 600 км
Ош
   "
ToyotaCaldina,https://im.mashina.kg/tachka/images//5/5/8/558b3175762a192e53a92e22fa16aa59_240x180.jpg,"$4009

340000сом","2000 г., 2 л., автомат
универсал, бензин
руль справа
Ош
   "
ToyotaCamry,https://im.mashina.kg/tachka/images//f/4/b/f4bcf8136b89496eb908624c46d4ce54_240x180.jpg,"$6132

520000сом","2004 г., 2.4 л., автомат
седан, бензин
руль слева, 165 000 км
Ош
   "
ToyotaAlphard,https://im.mashina.kg/tachka/images//5/8/0/580f9e02da7dfb609ef09b05fa291315_240x180.jpg,"$11888

1008102сом","2004 г., 2.4 л., автомат
минивэн, бензин
руль справа
Ош
   "
ToyotaAllion,https://im.mashina.kg/tachka/images//6/2/6/626e74d78ef7320943f4542d0ff3a3bf_240x180.jpg,"$7200

610560сом","2004 г., 1.8 л., автомат
седан, бензин
руль справа, 237 560 км
Узген
"
ToyotaCorollaVerso,https://im.mashina.kg/tachka/images//d/6/6/d662b375bd360563acb869cff82af713_240x180.jpg,"$8500

720800сом","2005 г., 1.8 л., механика
минивэн, бензин
руль слева, 200 000 км
Ош
   "
ToyotaCorolla,https://im.mashina.kg/tachka/images//9/7/f/97fe73a2049df2400da3b8e45f23d77b_240x180.jpg,"$4127

350000сом","2004 г., 1.6 л., механика
седан, бензин
руль слева, 295 000 км
Ош
   "
ToyotaAlphard,https://im.mashina.kg/tachka/images//9/0/6/9068ed14cd24e7aa8c7ab685ff266d46_240x180.jpg,"$9999

847915сом","2004 г., 2.4 л., автомат
минивэн, бензин
руль слева, 139 000 км
Ош
   "
ToyotaCamry,https://im.mashina.kg/tachka/images//c/d/9/cd909d0fcb6775a2c5ca5804f61310bb_240x180.jpg,"$23000

1950400сом","2018 г., 2.5 л., автомат
седан, бензин
руль слева, 61 000 км
Ош
   "
ToyotaCamry,https://im.mashina.kg/tachka/images//9/b/3/9b3ff2363e15eced753c9f22dec0d654_240x180.jpg,"$7800

661440сом","2002 г., 2.4 л., автомат
седан, бензин
руль слева, 200 000 км
Ош
   "
Toyota4Runner,https://im.mashina.kg/tachka/images//e/c/e/ece7522e8ef59cdbe5c57608619fd813_240x180.jpg,"$21500

1823200сом","2007 г., 4.7 л., автомат
внедорожник 5 дв., бензин
руль слева
Ош
   "
ToyotaISis,https://im.mashina.kg/tachka/images//2/f/2/2f2911e58bd4b250170a7d3f7ecb8cbf_240x180.jpg,"$6486

550000сом","2004 г., 1.8 л., автомат
минивэн, бензин
руль справа, 300 000 км
Ош
   "
ToyotaCorolla,https://im.mashina.kg/tachka/images//b/5/7/b57e3ec7c1e76b42b551fb56410189e6_240x180.jpg,"$6132

520000сом","2003 г., 1.8 л., автомат
универсал, бензин
руль справа, 207 000 км
Ош
   "
ToyotaPrevia,https://im.mashina.kg/tachka/images//3/5/d/35dc65dd820c1dc80d61642c36b9719c_240x180.jpg,"$5500

466400сом","2002 г., 2 л., механика
минивэн, дизель
руль слева
Ош
   "
ToyotaPasso,https://im.mashina.kg/tachka/images//b/9/a/b9ac77a95059fd4139f1bc665988aa73_240x180.jpg,"$3900

330720сом","2004 г., 1 л., автомат
хэтчбек 5 дв., бензин
руль справа, 144 006 км
Ош
   "
ToyotaWindom,https://im.mashina.kg/tachka/images//4/3/1/431f42567eb9c6f434d6cc82e784e001_240x180.jpg,"$8500

720800сом","2003 г., 3 л., автомат
седан, бензин
руль справа, 174 000 км
Ош
   "
ToyotaCorolla,https://im.mashina.kg/tachka/images//d/5/c/d5c74c0f11bc1404d88f4b4e38ce357a_240x180.jpg,"$13500

1144800сом","2016 г., 1.8 л., вариатор
седан, бензин
руль слева
Ош
   "
ToyotaIst,https://im.mashina.kg/tachka/images//0/1/a/01a17abbb85312e6cf9adff8cf4fe61d_240x180.jpg,"$5778

490000сом","2002 г., 1.5 л., автомат
хэтчбек 5 дв., бензин
руль справа
Ош
   "
ToyotaCamry,https://im.mashina.kg/tachka/images//7/1/3/713ffa0393d2013cd46c0421cf58c1ee_240x180.jpg,"$8500

720800сом","2003 г., 2.4 л., автомат
седан, бензин
руль слева
Ош
   "
ToyotaWish,https://im.mashina.kg/tachka/images//d/5/2/d52f02986b042ab0609bf0b964ee8c4b_240x180.jpg,"$6486

550000сом","2003 г., 1.8 л., автомат
минивэн, бензин
руль справа, 299 999 км
Ноокат"
ToyotaYaris,https://im.mashina.kg/tachka/images//d/2/6/d265eecbed5ea1b732738e2f3f343c9c_240x180.jpg,"$4481

380000сом","2004 г., 1 л., механика
хэтчбек 5 дв., бензин
руль слева, 200 000 км
Ош
   "
ToyotaCamry,https://t1-client.toyota-europe.com/images/toyota-logo.jpg,"$6300

534240сом","2003 г., 2.4 л., механика
седан, бензин
руль слева, 235 000 км
Ноокат"
ToyotaCorolla,https://im.mashina.kg/tachka/images//d/d/5/dd5d5aee24122140cba391c86edfc88b_240x180.jpg,"$5800

491786сом","2004 г., 2 л., механика
хэтчбек 5 дв., дизель
руль слева, 194 000 км
Ноокат"
ToyotaCrown,https://im.mashina.kg/tachka/images//6/2/d/62d7ee5878eef25cdbdb4516dce045a5_240x180.jpg,"$9900

839520сом","2006 г., 3.5 л., автомат
седан, бензин
руль справа
Ош
   "
ToyotaCorolla,https://im.mashina.kg/tachka/images//f/d/a/fdad0da1e93f0bf247ef11e8992bb250_240x180.jpg,"$7000

593600сом","2007 г., 1.6 л., механика
седан, бензин
руль слева
Узген
"
ToyotaAlphard,https://im.mashina.kg/tachka/images//3/0/5/305fb814f8eeeaf88b121cdc9a6ab852_240x180.jpg,"$8500

720800сом","2005 г., 3 л., автомат
минивэн, бензин
руль справа, 130 000 км
Ош
   "
ToyotaYarisVerso,https://im.mashina.kg/tachka/images//c/d/7/cd73d6b78db1700a8258cd9e8d97a22b_240x180.jpg,"$4481

380000сом","2001 г., 1.3 л., механика
минивэн, бензин
руль слева, 178 000 км
Кара-С"
ToyotaPasso,https://im.mashina.kg/tachka/images//5/2/6/5264ec442973f14cfc879b336f7cf929_240x180.jpg,"$3900

330720сом","2005 г., 1 л., автомат
хэтчбек 5 дв., бензин
руль справа, 169 000 км
Ош
   "
ToyotaCamry,https://im.mashina.kg/tachka/images//0/6/8/0682cae2fc6ca951656c341761a8a4ab_240x180.jpg,"$9000

763200сом","2007 г., 2.4 л., автомат
седан, бензин
руль слева, 210 000 км
Ош
   "
ToyotaEstima,https://im.mashina.kg/tachka/images//0/d/8/0d879096cfd7c0ba1729101546d8211b_240x180.jpg,"$5307

450000сом","2002 г., 2.4 л., автомат
минивэн, бензин
руль справа, 180 000 км
Ош
   "
ToyotaAygo,https://t1-client.toyota-europe.com/images/toyota-logo.jpg,"$4128

350000сом","2006 г., 1 л., механика
хэтчбек 5 дв., бензин
руль слева
Ноокат"
ToyotaAltezza,https://t1-client.toyota-europe.com/images/toyota-logo.jpg,"$5307

450000сом","2003 г., 2 л., автомат
седан, бензин
руль справа
Ош
   "
ToyotaMarkX,https://im.mashina.kg/tachka/images//b/d/e/bde2def2e6715d8f4e45e50591168cfa_240x180.jpg,"$6486

550000сом","2005 г., 2.5 л., автомат
седан, бензин
руль справа, 280 000 км
Ош
   "
ToyotaCorolla,https://im.mashina.kg/tachka/images//a/6/9/a69728b94b0bae1038cc56bed27d0e94_240x180.jpg,"$5542

470000сом","2003 г., 1.4 л., механика
хэтчбек 5 дв., бензин
руль слева, 344 258 км
Ош
   "
ToyotaAltezza,https://im.mashina.kg/tachka/images//d/8/a/d8a7b75befa2e9dd9452f51a247d1660_240x180.jpg,"$4717

400000сом","1999 г., 2 л., автомат
седан, бензин
руль справа, 210 000 км
Ош
   "
ToyotaSequoia,https://im.mashina.kg/tachka/images//a/f/2/af2256b2528f37701cadc31801cd7e27_240x180.jpg,"$11800

1000640сом","2002 г., 4.7 л., автомат
внедорожник 5 дв., бензин
руль слева, 245 000 км
Ош
   "
ToyotaCamry,https://im.mashina.kg/tachka/images//1/5/9/1595bb0bf685c3333a652d6ff4bfa26f_240x180.jpg,"$8400

712320сом","2002 г., 2.4 л., автомат
седан, бензин
руль слева, 236 000 км
Ош
   "
ToyotaAllion,https://im.mashina.kg/tachka/images//1/e/8/1e8263d0aed836a7bcb39751f55de7d9_240x180.jpg,"$7100

602080сом","2003 г., 1.5 л., автомат
седан, бензин
руль справа, 192 800 км
Ош
   "
ToyotaAvensis,https://im.mashina.kg/tachka/images//8/4/9/849ec7d5317cfdcb324df92285e8bc88_240x180.jpg,"$3479

295000сом","2000 г., 2 л., механика
хэтчбек 5 дв., бензин
руль слева, 224 000 км
Ноокат"
ToyotaAllion,https://im.mashina.kg/tachka/images//8/e/4/8e4ab332ddca7fb8df1d433397a835ca_240x180.jpg,"$6486

550000сом","2003 г., 1.8 л., автомат
седан, бензин
руль справа, 193 000 км
Ош
   "
ToyotaCorollaVerso,https://im.mashina.kg/tachka/images//e/2/6/e264df2fc8d8d4b5968ccefc55c760bf_240x180.jpg,"$7200

610560сом","2005 г., 1.8 л., робот
минивэн, бензин
руль слева, 156 560 км
Ош
   "
ToyotaCamry,https://im.mashina.kg/tachka/images//8/e/3/8e3cb4047df615d73cf91e24dd0c1875_240x180.jpg,"$6500

551200сом","2002 г., 2.4 л., механика
седан, бензин
руль слева
Ош
   "
ToyotaWindom,https://im.mashina.kg/tachka/images//5/5/6/556534336e0ef4c7850ef0a11f6d2b9d_240x180.jpg,"$3774

320000сом","1996 г., 2.5 л., автомат
седан, бензин
руль справа, 250 000 км
Гульча"
ToyotaYaris,https://im.mashina.kg/tachka/images//c/1/a/c1a7c1853ef655cfe46f1f592b040403_240x180.jpg,"$2948

250000сом","1999 г., 1 л., механика
хэтчбек 5 дв., бензин
руль слева, 247 000 км
Ош
   "
ToyotaPrius,https://im.mashina.kg/tachka/images//3/a/8/3a8fa731fee981faf6b5112e5208957f_240x180.jpg,"$12800

1085440сом","2014 г., 1.8 л., автомат
хэтчбек 5 дв., гибрид
руль слева, 132 000 км
Ош
   "
ToyotaCorona,https://im.mashina.kg/tachka/images//d/f/c/dfc89ec346592f3ef368b312b34e58da_240x180.jpg,"$2123

180000сом","1996 г., 1.8 л., автомат
седан, бензин
руль справа
Ноокат"
ToyotaSucceed,https://im.mashina.kg/tachka/images//f/f/b/ffb5039d43ef194f559b9f868fd7b26a_240x180.jpg,"$4245

360000сом","2003 г., 1.5 л., автомат
универсал, бензин
руль справа, 295 000 км
Ош
   "
ToyotaCamry,https://im.mashina.kg/tachka/images//2/0/e/20e4cb6b4e325f00cf31d787e06ac460_240x180.jpg,"$8000

678400сом","2003 г., 2.4 л., автомат
седан, бензин
руль слева
Ош
   "
ToyotaAvensis,https://im.mashina.kg/tachka/images//4/b/1/4b140cf9830138808baf8e4edaac20b0_240x180.jpg,"$3302

280000сом","2000 г., 1.8 л., механика
универсал, бензин
руль слева, 395 000 км
Ноокат"
ToyotaCrown,https://im.mashina.kg/tachka/images//3/c/4/3c4b6c51440269daee94c57d9d900523_240x180.jpg,"$12500

1060000сом","2006 г., 3.5 л., автомат
седан, бензин
руль справа
Ош
   "
ToyotaWish,https://im.mashina.kg/tachka/images//9/f/2/9f24772a787a59482320efd246c726a6_240x180.jpg,"$6486

550000сом","2003 г., 1.8 л., автомат
минивэн, бензин
руль справа
Ноокат"
ToyotaRAV4,https://im.mashina.kg/tachka/images//3/0/6/306e000cd26eac9dd5522ae307de1121_240x180.jpg,"$21000

1780800сом","2016 г., 2.5 л., вариатор
внедорожник 5 дв., гибрид
руль слева, 100 000 км
Ош
   "
ToyotaLandCruiser,https://im.mashina.kg/tachka/images//b/2/7/b27b05d387025c77bb416e466249b3e1_240x180.jpg,"$31500

2670907сом","2009 г., 4.7 л., автомат
внедорожник 5 дв., бензин
руль слева
Ош
   "
ToyotaPrevia,https://im.mashina.kg/tachka/images//4/e/4/4e4a8ed34bf3dc6bee3f671660c4f7c5_240x180.jpg,"$2358

200000сом","1991 г., 2.4 л., механика
минивэн, бензин
руль слева, 314 317 км
Ноокат"
ToyotaCorolla,https://im.mashina.kg/tachka/images//4/7/3/4738eaf7a436492465978486c8f1e7ca_240x180.jpg,"$6663

565000сом","2008 г., 1.4 л., механика
седан, бензин
руль слева, 283 050 км
Ош
   "
ToyotaCorolla,https://im.mashina.kg/tachka/images//e/6/d/e6da02ffcff0d6033c833cb11c849fa0_240x180.jpg,"$5307

450000сом","2004 г., 1.6 л., механика
хэтчбек 5 дв., бензин
руль слева, 183 000 км
Ош
   "
ToyotaAlphard,https://im.mashina.kg/tachka/images//2/8/f/28f518f85842379ccc8c9364a69e7559_240x180.jpg,"$7800

661440сом","2002 г., 3 л., автомат
минивэн, бензин
руль справа, 180 000 км
Ош
   "
ToyotaCamry,https://im.mashina.kg/tachka/images//1/7/0/170bd5b9ad20081c9ff33937b070c863_240x180.jpg,"$9500

805600сом","2005 г., 2.4 л., автомат
седан, бензин
руль слева, 220 000 км
Ош
   "
ToyotaRAV4,https://im.mashina.kg/tachka/images//e/5/5/e5519ba36f1b665f8d5f1c91e49ea884_240x180.jpg,"$12500

1060000сом","2007 г., 2 л., вариатор
внедорожник 5 дв., бензин
руль слева, 196 000 км
Кара-С"
ToyotaAvensis,https://im.mashina.kg/tachka/images//1/e/0/1e0170f22e179e4ce727ce061b84bcdc_240x180.jpg,"$3774

320000сом","2002 г., 1.6 л., механика
седан, бензин
руль слева, 297 300 км
Ош
   "
ToyotaHighlander,https://im.mashina.kg/tachka/images//9/8/e/98e0f1302b4195cfe8ca16edc79eb0e6_240x180.jpg,"$10000

848000сом","2006 г., 3.3 л., автомат
внедорожник 5 дв., гибрид
руль слева
Ош
   "
ToyotaCamry,https://im.mashina.kg/tachka/images//f/5/7/f573306f2532957bc97aa7ac363ae73a_240x180.jpg,"$7200

610560сом","2003 г., 2.4 л., автомат
седан, бензин
руль слева
Ош
   "
ToyotaMarkII,https://im.mashina.kg/tachka/images//3/b/e/3be4b1b5a7fa163a7c04449c06e27e9e_240x180.jpg,"$5307

450000сом","2002 г., 2 л., автомат
седан, бензин
руль справа, 231 010 км
Узген
"
ToyotaCamry,https://im.mashina.kg/tachka/images//1/3/6/1364b3e59caf2f086ca2923d3fe3e523_240x180.jpg,"$7311

620000сом","2003 г., 2.4 л., автомат
седан, бензин
руль слева, 232 000 км
Ноокат"
ToyotaCamry,https://im.mashina.kg/tachka/images//6/5/3/653074677e07b9f0d92101fd534bb734_240x180.jpg,"$8800

746240сом","2002 г., 3 л., автомат
седан, бензин
руль слева
Ош
   "
ToyotaAvensis,https://im.mashina.kg/tachka/images//5/7/1/571042d5d19b180a0261354a35306b72_240x180.jpg,"$7000

593600сом","2003 г., 1.8 л., механика
седан, бензин
руль слева, 240 000 км
Ош
   "
ToyotaYaris,https://im.mashina.kg/tachka/images//c/3/1/c3163d65c9cf989c37c36670117342a1_240x180.jpg,"$4953

420000сом","2006 г., 1.3 л., механика
хэтчбек 5 дв., бензин
руль слева
Ош
   "
ToyotaLandCruiser,https://im.mashina.kg/tachka/images//0/d/1/0d1d62a90a233dc3468b34d445ccbb9e_240x180.jpg,"$16200

1373760сом","2003 г., 4.5 л., автомат
внедорожник 5 дв., бензин
руль слева, 183 200 км
Ош
   "
ToyotaCamry,https://im.mashina.kg/tachka/images//e/a/5/ea516daaef1904b2d71385e07965ed53_240x180.jpg,"$27000

2289349сом","2019 г., 2 л., автомат
седан, бензин
руль слева, 800 км
Ош
   "
ToyotaCorolla,https://im.mashina.kg/tachka/images//a/8/a/a8ae87264327872b076cc1c6c6fcdefb_240x180.jpg,"$4953

420000сом","2003 г., 1.4 л., механика
хэтчбек 5 дв., бензин
руль слева, 270 000 км
Ош
   "
ToyotaCamry,https://im.mashina.kg/tachka/images//3/2/c/32cfb45493d3ec44eb6df10faea1f64a_240x180.jpg,"$12500

1060000сом","2009 г., 2.5 л., автомат
седан, бензин
руль слева, 155 000 км
Ош
   "
ToyotaCorolla,https://im.mashina.kg/tachka/images//9/8/c/98cbe5a50203bf0b444d24647088182d_240x180.jpg,"$5719

485000сом","2003 г., 1.6 л., механика
хэтчбек 5 дв., бензин
руль слева, 175 000 км
Ош
   "
ToyotaAvensis,https://im.mashina.kg/tachka/images//f/9/1/f91763e9b4f0a5dc9780ee83fe588c1b_240x180.jpg,"$3420

290000сом","2000 г., 1.6 л., механика
седан, бензин
руль слева, 360 000 км
Ош
   "
ToyotaCamry,https://im.mashina.kg/tachka/images//7/1/3/713892316e80d9077ccd1bc6c6443d04_240x180.jpg,"$8000

678400сом","2007 г., 2.4 л., автомат
седан, бензин
руль слева, 305 688 км
Ош
   "
ToyotaCamry,https://im.mashina.kg/tachka/images//1/e/4/1e4e2f0f2cdc21dede8b6f884b0b8569_240x180.jpg,"$13200

1119237сом","2013 г., 2.5 л., автомат
седан, бензин
руль слева
Ош
   "
ToyotaAvensis,https://im.mashina.kg/tachka/images//1/6/5/1652ab0cd00ffcd55200ed067d362431_240x180.jpg,"$7200

610560сом","2008 г., 2.4 л., автомат
седан, бензин
руль слева, 208 000 км
Ош
   "
ToyotaRaum,https://im.mashina.kg/tachka/images//7/6/a/76a865c553e3c496236db6d232a99514_240x180.jpg,"$4481

380000сом","2003 г., 1.5 л., автомат
минивэн, бензин
руль справа, 250 000 км
Ош
   "
ToyotaCamry,https://t1-client.toyota-europe.com/images/toyota-logo.jpg,"$8500

720800сом","2004 г., 2.4 л., автомат
седан, бензин
руль слева
Ош
   "
ToyotaPrevia,https://t1-client.toyota-europe.com/images/toyota-logo.jpg,"$2005

170000сом","1991 г., 2.4 л., механика
минивэн, бензин
руль слева
Ноокат"
ToyotaCamry,https://im.mashina.kg/tachka/images//8/3/6/836eeeea62305019054275bdb256e9ce_240x180.jpg,"$7000

593600сом","2002 г., 2.4 л., автомат
седан, бензин
руль слева, 215 000 км
Ош
   "
ToyotaAvensis,https://im.mashina.kg/tachka/images//2/f/1/2f139e5f8e6415cf7c64c1842279f9cb_240x180.jpg,"$3892

330000сом","2000 г., 1.8 л., механика
универсал, бензин
руль слева, 300 000 км
Ноокат"
ToyotaCorolla,https://im.mashina.kg/tachka/images//0/e/0/0e0e76bdd5bfaf7bc20c88eddf91a081_240x180.jpg,"$4363

370000сом","2002 г., 1.4 л., механика
седан, бензин
руль слева, 177 490 км
Ош
   "
ToyotaVitz,https://im.mashina.kg/tachka/images//e/7/8/e786279ce432b642754653579044b83b_240x180.jpg,"$4599

390000сом","2005 г., 1 л., вариатор
хэтчбек 5 дв., бензин
руль справа, 230 000 км
Ош
   "
ToyotaCamry,https://im.mashina.kg/tachka/images//9/0/d/90d8b6863969c3309cdfd381e3da9a7d_240x180.jpg,"$8000

678400сом","2003 г., 3 л., автомат
седан, бензин
руль слева, 260 000 км
Ош
   "
ToyotaCaldina,https://im.mashina.kg/tachka/images//9/f/0/9f0de83232b3a8e7758f555cee166772_240x180.jpg,"$4200

356160сом","2002 г., 2 л., автомат
универсал, бензин
руль справа, 302 000 км
Ош
   "
ToyotaAuris,https://im.mashina.kg/tachka/images//7/0/a/70aa945c9c9562a0b6a405fd9e80ee9a_240x180.jpg,"$5800

491840сом","2008 г., 2 л., механика
хэтчбек 5 дв., дизель
руль слева, 290 000 км
Ош
   "
ToyotaCorollaVerso,https://im.mashina.kg/tachka/images//1/5/f/15f1aaa7709c5298f01d0de9f88cf1a1_240x180.jpg,"$5896

500000сом","2003 г., 1.8 л., механика
минивэн, бензин
руль слева, 174 766 км
Узген
"
ToyotaCamry,https://im.mashina.kg/tachka/images//a/6/5/a6540c720d9c113f0c6640650b06ba52_240x180.jpg,"$13500

1144800сом","2014 г., 2.5 л., автомат
седан, бензин
руль слева, 136 000 км
Ош
   "
ToyotaCamry,https://im.mashina.kg/tachka/images//0/4/c/04c13ee8ef513b36869d49e43968f452_240x180.jpg,"$7500

636000сом","2001 г., 3 л., автомат
седан, бензин
руль слева, 130 000 км
Ош
   "
Toyota4Runner,https://im.mashina.kg/tachka/images//4/6/0/460d87728c03a1772b9e83e205385fe5_240x180.jpg,"$18000

1526400сом","2006 г., 4 л., автомат
внедорожник 5 дв., бензин
руль слева
Ош
   "
ToyotaMarkII,https://im.mashina.kg/tachka/images//4/1/4/414afc4fb1c95fcbd5c6dd985d7bada6_240x180.jpg,"$6500

551140сом","2003 г., 2.5 л., автомат
седан, бензин
руль справа, 165 000 км
Ош
   "
ToyotaCamry,https://im.mashina.kg/tachka/images//3/b/8/3b8d2fa17a06c436f4c3b7f2af5002b3_240x180.jpg,"$6958

590000сом","2003 г., 2.4 л., автомат
седан, бензин
руль слева, 230 000 км
Кара-К"
ToyotaIpsum,https://im.mashina.kg/tachka/images//a/1/0/a10f8484536458e15b40dc6cdba89f46_240x180.jpg,"$4481

380000сом","1998 г., 2 л., автомат
минивэн, бензин
руль справа, 424 000 км
Ош
   "
ToyotaPrevia,https://im.mashina.kg/tachka/images//8/0/0/80061f010c8a6a717531193a27cdc74b_240x180.jpg,"$1533

130000сом","1994 г., 2.4 л., механика
минивэн, бензин
руль слева
Ош
   "
ToyotaCorolla,https://im.mashina.kg/tachka/images//7/9/b/79bae520b122aa6691b3bfc3b62e23e5_240x180.jpg,"$12500

1059884сом","2013 г., 1.6 л., вариатор
седан, бензин
руль слева, 124 000 км
Ош
   "
ToyotaPrevia,https://im.mashina.kg/tachka/images//2/4/4/24453c081fd3f9b36913ec3045cf106b_240x180.jpg,"$3302

280000сом","1998 г., 2.4 л., механика
минивэн, бензин
руль слева, 789 660 км
Ош
   "
ToyotaAygo,https://im.mashina.kg/tachka/images//e/1/9/e19727c4c7f8d4a040607444397d0851_240x180.jpg,"$3302

280000сом","2007 г., 1 л., механика
хэтчбек 5 дв., бензин
руль слева, 165 000 км
Ош
   "
ToyotaChaser,https://im.mashina.kg/tachka/images//f/9/0/f90514c1009da062733a1fd31ee22821_240x180.jpg,"$4500

381600сом","2000 г., 2 л., автомат
седан, бензин
руль справа
Ош
   "
ToyotaMarkII,https://im.mashina.kg/tachka/images//a/c/d/acd2576d14176a306f3c1fc0ba18cdb9_240x180.jpg,"$3420

290000сом","1994 г., 2.5 л., автомат
седан, бензин
руль справа, 250 000 км
Ош
   "
ToyotaPrius,https://t1-client.toyota-europe.com/images/toyota-logo.jpg,"$3479

295000сом","1999 г., 1.5 л., автомат
седан, гибрид
руль справа, 290 000 км
Ош
   "
ToyotaIst,https://im.mashina.kg/tachka/images//e/3/8/e386594052a4bfb4058f8ed3f91ff11d_240x180.jpg,"$5543

470000сом","2003 г., 1.3 л., автомат
хэтчбек 5 дв., бензин
руль справа, 214 000 км
Ош
   "
ToyotaRAV4,https://im.mashina.kg/tachka/images//5/f/1/5f1851d509f84e639fb8b09c4d3c34f6_240x180.jpg,"$7311

620000сом","2001 г., 2 л., автомат
внедорожник 5 дв., бензин
руль слева, 280 000 км
Ош
   "
ToyotaCorolla,https://im.mashina.kg/tachka/images//c/3/2/c3297de0fad03ddbe8667d4fad5dbfd3_240x180.jpg,"$4128

350000сом","2003 г., 1.6 л., механика
седан, бензин
руль слева, 290 000 км
Кара-С"
ToyotaCorollaVerso,https://im.mashina.kg/tachka/images//f/e/5/fe594b40d1a18fc562f72f10550b73a7_240x180.jpg,"$9500

805600сом","2008 г., 1.8 л., механика
минивэн, бензин
руль слева, 126 000 км
Ош
   "
ToyotaIst,https://im.mashina.kg/tachka/images//d/3/c/d3cc850084b4f43cb7729cae70a00069_240x180.jpg,"$6132

520000сом","2004 г., 1.5 л., автомат
хэтчбек 5 дв., бензин
руль слева, 130 000 км
Ош
   "
ToyotaEstima,https://im.mashina.kg/tachka/images//c/d/d/cdd33a7aa0569fb3c0433f902f94c7e0_240x180.jpg,"$8300

703840сом","2003 г., 2.4 л., автомат
минивэн, бензин
руль справа, 165 000 км
Кара-С"
ToyotaCamry,https://im.mashina.kg/tachka/images//8/3/1/83104e54e7986e86694ddd28a01702dc_240x180.jpg,"$6500

551200сом","2002 г., 2.4 л., механика
седан, бензин
руль слева, 250 000 км
Кара-С"
ToyotaAltezza,https://im.mashina.kg/tachka/images//b/0/e/b0e322d18c43c4d87a120f99c54b1f7d_240x180.jpg,"$6486

550000сом","2003 г., 2 л., автомат
седан, бензин
руль справа, 240 000 км
Ош
   "
ToyotaCamry,https://im.mashina.kg/tachka/images//4/6/4/464c7cf26575e63cd5f41ee0e1a2dc6e_240x180.jpg,"$15600

1322735сом","2015 г., 2.5 л., автомат
седан, бензин
руль слева
Ош
   "
ToyotaEstima,https://im.mashina.kg/tachka/images//8/2/3/823f42c903e489eaa60c39a3d1452e09_240x180.jpg,"$5542

470000сом","2001 г., 2.4 л., вариатор
минивэн, гибрид
руль справа
Ош
   "
ToyotaWish,https://im.mashina.kg/tachka/images//b/3/e/b3ed56bc5c4ae385c4338f8d6d355fe9_240x180.jpg,"$6840

580000сом","2003 г., 1.8 л., автомат
минивэн, бензин
руль справа, 200 000 км
Ош
   "
ToyotaCamry,https://im.mashina.kg/tachka/images//f/8/6/f866ad9110af7974b33054aa0e56ead7_240x180.jpg,"$14500

1229600сом","2014 г., 2.5 л., вариатор
седан, гибрид
руль слева, 160 000 км
Ош
   "
ToyotaWish,https://im.mashina.kg/tachka/images//3/2/0/32013ef7f28312e3d2fab4be72252f5e_240x180.jpg,"$6840

580000сом","2003 г., 1.8 л., автомат
минивэн, бензин
руль справа
Ош
   "
ToyotaCorolla,https://im.mashina.kg/tachka/images//b/a/a/baa092b980478e8a3e5e2162cd0c951d_240x180.jpg,"$7000

593600сом","2007 г., 1.6 л., механика
седан, бензин
руль слева, 333 000 км
Ош
   "
ToyotaCorolla,https://t1-client.toyota-europe.com/images/toyota-logo.jpg,"$5900

500320сом","2006 г., 1.6 л., автомат
седан, бензин
руль слева
Ош
   "
ToyotaAvensis,https://im.mashina.kg/tachka/images//7/5/9/7593d64414871ba1760c68e045631b1c_240x180.jpg,"$3066

260000сом","2000 г., 1.6 л., механика
седан, бензин
руль слева, 364 388 км
Ош
   "
ToyotaAvensis,https://im.mashina.kg/tachka/images//1/f/6/1f6ab89493968aab47cef22adf5a2dd5_240x180.jpg,"$3066

260000сом","1998 г., 1.6 л., механика
седан, бензин
руль слева, 300 000 км
Ош
   "
ToyotaCamry,https://im.mashina.kg/tachka/images//2/9/e/29e12aa2e5dbacec64c45a5a208be725_240x180.jpg,"$7665

650000сом","2002 г., 2.4 л., автомат
седан, бензин
руль слева, 199 999 км
Узген
"
ToyotaPriusc,https://im.mashina.kg/tachka/images//a/b/8/ab8a540d25cb9ccf699d622122f0de60_240x180.jpg,"$10000

848000сом","2012 г., 1.5 л., вариатор
хэтчбек 5 дв., гибрид
руль слева, 140 000 км
Ош
   "
ToyotaPlatz,https://im.mashina.kg/tachka/images//c/6/f/c6fa19510faee62481ac3ca42d773abc_240x180.jpg,"$4000

339200сом","2000 г., 1.5 л., автомат
седан, бензин
руль справа
Ош
   "
ToyotaCamry,https://t1-client.toyota-europe.com/images/toyota-logo.jpg,"$11793

1000008сом","2012 г., 2.5 л., вариатор
седан, гибрид
руль слева
Ош
   "
ToyotaHiAce,https://im.mashina.kg/tachka/images//8/f/8/8f86af62fd0ad47836698ad3cf3670e3_240x180.jpg,"$7901

670000сом","2002 г., 3 л., автомат
минивэн, дизель
руль справа, 162 000 км
Ноокат"
ToyotaAllion,https://im.mashina.kg/tachka/images//c/1/e/c1e9dcfd0778c4af00376246d8718b81_240x180.jpg,"$7000

593600сом","2004 г., 1.8 л., автомат
седан, бензин
руль справа, 240 455 км
Ош
   "
ToyotaPrius,https://im.mashina.kg/tachka/images//3/7/8/378f691bff4e8580c7187b4b63757509_240x180.jpg,"$16000

1356800сом","2016 г., 1.8 л., вариатор
хэтчбек 5 дв., гибрид
руль слева, 120 000 км
Ош
   "
ToyotaPrevia,https://im.mashina.kg/tachka/images//5/d/3/5d38b63953b6587d21fea8ab56f5ade1_240x180.jpg,"$6500

551200сом","2000 г., 2.4 л., механика
минивэн, бензин
руль слева, 344 000 км
Ноокат"
ToyotaEstima,https://im.mashina.kg/tachka/images//3/9/5/3955ec16737cc1479be4e9d2f42290c2_240x180.jpg,"$7217

612000сом","2002 г., 3 л., автомат
минивэн, бензин
руль справа, 340 000 км
Ош
   "
ToyotaAlphard,https://im.mashina.kg/tachka/images//8/e/9/8e90812ca9c5e3f6aecead3dab5716dd_240x180.jpg,"$10500

890400сом","2004 г., 3 л., автомат
минивэн, бензин
руль справа
Ош
   "
ToyotaEstima,https://im.mashina.kg/tachka/images//f/7/c/f7c753c5c5c3484a7d70338c7061e840_240x180.jpg,"$5500

466400сом","2002 г., 2.4 л., автомат
минивэн, бензин
руль справа
Ош
   "
ToyotaCamry,https://im.mashina.kg/tachka/images//3/7/c/37c9d3bf920199caa59275b4ebe3c3a8_240x180.jpg,"$11000

932800сом","2011 г., 2.5 л., автомат
седан, бензин
руль слева
Ош
   "
ToyotaCorolla,https://im.mashina.kg/tachka/images//e/6/f/e6fc200b7f85318f8ca78b277a3985c1_240x180.jpg,"$6000

508800сом","2002 г., 1.6 л., автомат
седан, бензин
руль слева, 200 000 км
Ош
   "
ToyotaRAV4,https://im.mashina.kg/tachka/images//e/9/3/e93ab64b9068bc41695f1f4339dd0d54_240x180.jpg,"$10499

890315сом","2007 г., 2.4 л., автомат
внедорожник 5 дв., бензин
руль слева
Ош
   "
ToyotaIst,https://im.mashina.kg/tachka/images//e/3/b/e3bd9bda092e9169775a9631e52ea1e9_240x180.jpg,"$5300

449440сом","2002 г., 1.5 л., автомат
хэтчбек 5 дв., бензин
руль справа, 250 000 км
Узген
"
ToyotaHarrier,https://im.mashina.kg/tachka/images//4/5/3/453827fbdece1fafbba9ac5c0ee7c728_240x180.jpg,"$11000

932800сом","2003 г., 3 л., автомат
внедорожник 5 дв., бензин
руль справа, 189 342 км
Ош
   "
ToyotaMarkII,https://im.mashina.kg/tachka/images//4/6/b/46b75463dd690fec21eb302bd95b8d71_240x180.jpg,"$5000

424000сом","2001 г., 2.5 л., автомат
седан, бензин
руль справа, 108 000 км
Ош
   "
ToyotaCorolla,https://im.mashina.kg/tachka/images//e/f/b/efba5e9dc4b8917f6f49bb6410808d95_240x180.jpg,"$8200

695360сом","2008 г., 1.6 л., механика
седан, бензин
руль слева, 200 000 км
Ош
   "
ToyotaEstima,https://im.mashina.kg/tachka/images//0/9/d/09d6c60ff2c1365eb3338c7b26c5a77e_240x180.jpg,"$10200

864960сом","2005 г., 3 л., автомат
минивэн, бензин
руль справа, 135 000 км
Узген
"
ToyotaCamry,https://im.mashina.kg/tachka/images//b/1/d/b1dc5963d23584c8dc3d038a7b0d13ba_240x180.jpg,"$7500

636000сом","2003 г., 2.4 л., автомат
седан, бензин
руль слева, 230 000 км
Ош
   "
ToyotaLandCruiser,https://im.mashina.kg/tachka/images//4/5/0/450d489b869c1ee39c977e6f8563a94d_240x180.jpg,"$9000

763200сом","1998 г., 4.7 л., механика
внедорожник 5 дв., бензин
руль слева
Ош
   "
ToyotaCamry,https://im.mashina.kg/tachka/images//1/f/b/1fb9f4761c0b5496826377864e516e00_240x180.jpg,"$16000

1356800сом","2016 г., 2.5 л., вариатор
седан, гибрид
руль слева
Ош
   "
ToyotaCamry,https://im.mashina.kg/tachka/images//d/a/2/da2ef19e2bd62ed0349f46ab883bdb2d_240x180.jpg,"$6958

590000сом","2001 г., 3 л., автомат
седан, бензин
руль слева, 340 000 км
Ноокат"
ToyotaMarkX,https://im.mashina.kg/tachka/images//4/c/8/4c867f9da3a94fb92aa58ebeecbdd9ac_240x180.jpg,"$6000

508800сом","2008 г., 2.5 л., автомат
седан, бензин
руль справа, 111 655 км
Ош
   "
ToyotaHarrier,https://im.mashina.kg/tachka/images//9/f/8/9f84caa0c1a04daacd8aeed4d4c2ef2d_240x180.jpg,"$5800

491840сом","1999 г., 2.2 л., автомат
внедорожник 5 дв., бензин
руль справа, 284 350 км
Ош
   "
ToyotaCorolla,https://im.mashina.kg/tachka/images//b/7/f/b7f5d23b91a459c8baf2b5e074d6e068_240x180.jpg,"$6200

525760сом","2007 г., 1.6 л., механика
седан, бензин
руль слева, 219 950 км
Ош
   "
